Year,Location,Treatment,HarvestNumber,time,N_application.kg.ha,P_application.kg.ha,K_application.kg.ha,DMLeaves#g.DM.m2,DMstems$g.DM.m2,DMRoots#g.DM.m2,Biomass#g.DM.m2,NUP_L#g.m2,NUP_ST#g.m2,NUP_SO#g.m2,NUP#g.m2,PUP_L#g.m2,PUP_ST#g.m2,PUP_SO#g.m2,PUP#g.m2,KUP_L#g.m2,KUP_ST#g.m2,KUP_SO#g.m2,KUP#g.m2,std_DMLeaves#g.DM.m2,std_DMstems#g.DM.m2,std_DMRoots#g.DM.m2,std_Biomass#g.DM.m2,std_NUP_L#g.m2,std_NUP_ST#g.m2,std_NUP_SO#g.m2,std_NUP#g.m2,std_PUP_L#g.m2,std_PUP_ST#g.m2,std_PUP_SO#g.m2,std_PUP#g.m2,std_KUP_L#g.m2,std_KUP_ST#g.m2,std_KUP_SO#g.m2,std_KUP#g.m2
2016,Benue,Control,1,379,0,0,0,13.52951389,13.60416667,89.11197917,116.2456597,NA,NA,NA,NA,NA,NA,NA,NA,NA,NA,NA,NA,3.176413365,0.781458306,18.58778517,15.12108816,NA,NA,NA,NA,NA,NA,NA,NA,NA,NA,NA,NA
2016,Benue,Control,2,455,0,0,0,4.103703707,12.69351854,116.1361111,132.9333333,0.135843356,0.070158979,0.507976909,0.713979244,0.007897248,0.007276273,0.072493439,0.087666961,0.035097956,0.044456846,0.74143992,0.820994722,1.591502567,6.876224187,80.02450087,85.14470336,0.052682909,0.038005921,0.350025485,0.359963162,0.003062719,0.00394164,0.049952175,0.051867273,0.013611725,0.024082782,0.510895009,0.524586262
2016,Benue,Control,3,645,0,0,0,45.365625,226.4288194,858.6523439,1130.446788,2.040063295,1.473822453,2.817012927,6.330898675,0.125315602,0.142681317,0.494601112,0.762598031,0.539292042,1.11399193,6.247831748,7.90111572,7.858655537,20.98500543,267.1464992,272.531842,0.35339874,0.136591147,0.876437533,1.164487771,0.021708334,0.013223441,0.153881785,0.169422538,0.093421184,0.103242718,1.9438442,2.005005202
2016,Benue,N0PfKf,3,645,0,100,300,79.7780258,270.6535217,1004.127604,1354.559152,3.180913558,1.583118997,3.228429783,7.992462338,0.207115182,0.21813329,0.611293536,1.036542007,1.098866535,1.620667607,8.340281561,11.0598157,31.79823807,64.03093465,402.4510558,489.598915,1.267860988,0.374532681,1.293944086,2.889719683,0.08255278,0.051605752,0.245004448,0.372440162,0.437990528,0.383415893,3.34275754,4.110131724
2016,Benue,NfP0Kf,3,645,300,0,300,138.6545139,523.5677083,1003.320313,1665.542535,5.613144854,4.554644319,4.093833093,14.26162227,0.277421858,0.200894574,0.480676755,0.958993187,2.079915662,2.288466871,7.896017205,12.26439974,87.15514545,241.0847556,590.5622501,903.8763681,3.528298087,2.097255608,2.40966245,7.802693121,0.174381213,0.092504978,0.28293013,0.532638904,1.307388753,1.053759557,4.647658009,6.839892534
2016,Benue,NfPfK0,3,645,300,100,0,136.0416667,735.2864584,1931.510417,2802.838542,5.45819646,4.506040319,5.886310986,15.85054777,0.261116952,0.478079792,1.072136003,1.811332747,1.545413353,3.112038017,11.97556732,16.63301869,52.2401805,125.3865687,256.414897,416.1642471,2.095954682,0.768403834,0.781428778,3.395359555,0.100269256,0.081525756,0.142329878,0.301397434,0.593440778,0.530688093,1.589799274,2.547001637
2016,Benue,NfPfK1,3,645,300,100,240,126.025463,595.490162,1451.801215,2173.316841,5.632326647,4.344370042,4.83835168,14.81504837,0.342944968,0.432904079,0.876906779,1.652755825,1.764034613,3.791327479,11.42551111,16.9808732,74.6185956,204.9569219,646.1899964,864.5864394,3.334852293,1.495253437,2.153527922,6.497969673,0.203054774,0.148997738,0.390307145,0.682266354,1.044469762,1.304906209,5.085442072,6.922344997
2016,Benue,NfPfK2,1,379,300,100,180,60.95659722,60.03645833,234.0078125,355.000868,NA,NA,NA,NA,NA,NA,NA,NA,NA,NA,NA,NA,11.01719518,5.433015686,26.93929786,42.27399042,NA,NA,NA,NA,NA,NA,NA,NA,NA,NA,NA,NA
2016,Benue,NfPfK2,2,455,300,100,180,11.31574078,64.48425923,261.8038195,337.6038195,0.450185449,0.516765779,1.567857612,2.534808839,0.023758288,0.057522093,0.193015067,0.274295449,0.12884874,0.29647572,1.983068398,2.408392858,2.956469911,9.852467406,88.26794094,100.0697879,0.117620204,0.078955982,0.528607884,0.707576091,0.006207341,0.008788727,0.065075607,0.078776564,0.033664382,0.045298146,0.668597443,0.740037633
2016,Benue,NfPfK2,3,645,300,100,180,141.3315972,779.8865741,1928.177083,2849.395255,5.840208024,4.431027338,4.780725018,15.05196038,0.313615699,0.411706201,1.171045553,1.896367453,1.837863032,4.288596965,14.290665,20.41712499,49.57767503,106.0920577,251.5887182,309.5631352,2.048685088,0.60277587,0.623789428,2.69971829,0.110013171,0.056006552,0.152798128,0.226615137,0.644703506,0.58340032,1.864647247,2.28238944
2016,Benue,NfPfK3,3,645,300,100,120,157.9774306,775.6138392,1951.618304,2885.209573,6.701616903,4.515598471,5.926464061,17.14367943,0.389322574,0.419853771,1.08401212,1.893188465,1.702430672,2.84745961,12.6608673,17.21075758,5.137693719,126.4961413,440.7496606,509.8940571,0.217947937,0.736456408,1.338421052,1.86586476,0.01266143,0.068474645,0.244811177,0.283794219,0.05536593,0.464396888,2.859305509,3.095286827
2016,Benue,NfPfK4,3,645,300,100,60,127.8472222,551.1979167,1728.385417,2407.430556,5.382907025,3.128166001,5.277369881,13.78844291,0.322361679,0.405738451,0.979324125,1.707424255,1.591777754,2.318218177,10.61079327,14.5207892,45.57006936,28.86872328,623.4572431,554.6584135,1.918692031,0.163836176,1.903634713,0.490964607,0.114903115,0.021250354,0.35325843,0.225246511,0.567375821,0.121415552,3.827488855,3.173190801
2016,Benue,NfPfKf,1,379,300,100,300,66.70868056,77.21666664,326,469.9253472,NA,NA,NA,NA,NA,NA,NA,NA,NA,NA,NA,NA,30.14776026,37.59591065,172.0385131,236.6899036,NA,NA,NA,NA,NA,NA,NA,NA,NA,NA,NA,NA
2016,Benue,NfPfKf,2,455,300,100,300,11.91249992,61.98101847,380.78125,454.6747684,0.482065467,0.56057159,2.131683471,3.174320528,0.024284188,0.063687524,0.25063657,0.338608282,0.134519238,0.34696213,2.752164031,3.233645398,3.829601836,30.67066374,188.7963935,222.5413961,0.154973247,0.277393034,1.056916934,1.482320057,0.007806822,0.03151511,0.124268935,0.162843966,0.043244921,0.171690609,1.364559425,1.575070695
2016,Benue,NfPfKf,3,645,300,100,300,158.9930556,925.5902778,2551.451823,3636.035156,6.592473063,6.845158702,8.774656146,22.21228791,0.406808329,0.67287729,1.722304024,2.801989642,2.22549671,5.985546147,20.8774348,29.08847766,46.63530537,197.7582396,629.8649662,421.4572033,1.933681904,1.462511618,2.166158282,1.69837583,0.119323643,0.143764505,0.425177131,0.268620464,0.652775169,1.278849938,5.153914586,3.738269036
2016,Benue,NfPfKfMn,3,645,300,100,300,163.9930555,1010.920139,2701.627604,3876.540799,6.56624864,6.339418311,8.555511893,21.46117884,0.366187962,0.486474625,1.477691852,2.33035444,2.248208052,5.679164533,19.41177808,27.33915066,60.72473503,427.4751093,1000.871209,1477.857658,2.431406059,2.680670245,3.169558053,8.144619441,0.135595174,0.205709418,0.547440079,0.879648638,0.832485484,2.401477017,7.191475892,10.34268781
2016,Benue,NOTF,1,379,150,40,180,29.54513889,30.27777778,149.3098959,209.1328125,NA,NA,NA,NA,NA,NA,NA,NA,NA,NA,NA,NA,3.943572855,3.770769788,23.05816936,17.06135752,NA,NA,NA,NA,NA,NA,NA,NA,NA,NA,NA,NA
2016,Benue,NOTF,2,455,150,40,180,13.19444437,69.79351851,352.7552083,435.7431712,0.529050752,0.633183222,2.000841761,3.163075735,0.023375095,0.08122871,0.217506904,0.322110709,0.124986032,0.343480692,2.596123534,3.064590258,0.145004237,11.46332258,59.33868201,68.62861846,0.005814159,0.10399796,0.336571396,0.42534547,0.000256887,0.01334151,0.036587902,0.047758796,0.001373571,0.05641541,0.43670666,0.482312543
2016,Benue,NOTF,3,645,150,40,180,112.7777778,423.4635416,1613.736979,2149.978299,4.928009455,2.841046899,5.615239315,13.38429567,0.30806926,0.266604918,0.957980047,1.532654224,1.562109908,2.293913104,12.28658886,16.14261187,9.449549293,56.45472366,207.8050044,161.3630665,0.412913512,0.37875874,0.723088611,0.72205798,0.025812848,0.035542864,0.123361521,0.111262287,0.130887794,0.305816718,1.582175215,1.39835008
2016,Benue,NOTH,3,645,75,20,90,98.95337307,320.7105655,1100.204614,1519.868552,4.062517444,2.126517442,3.197216831,9.386251717,0.257763678,0.221308115,0.617345305,1.096417099,1.375556952,1.676954528,8.47255343,11.52506491,25.7340778,47.2200088,141.4393131,186.2175106,1.056509109,0.313099047,0.411025501,1.171658591,0.067034709,0.032584431,0.079364234,0.121392711,0.357731005,0.246907387,1.089208428,1.334950006
2016,CRS,Control,1,304,0,0,0,71.63541666,104.7951389,320.7617188,497.1922743,3.293040332,0.955532913,1.492311593,5.740884838,0.24445136,0.190308463,0.181851337,0.616611159,0.901340181,0.807204214,1.830951187,3.539495582,19.8913819,27.98181399,96.0005971,142.0244836,0.914395782,0.255141074,0.44663311,1.583381493,0.067878091,0.050815105,0.054426186,0.168714302,0.250279856,0.215535171,0.547984366,0.99624748
2016,CRS,Control,2,419,0,0,0,10.15694441,249.7337961,503.3281251,763.2188656,0.275338989,2.919430429,1.998194245,5.192963663,0.014537084,0.280704683,0.287475592,0.582717359,0.053253198,1.041695199,2.57656051,3.671508907,1.350837809,59.53655674,185.2193027,240.7280463,0.036619115,0.695992445,0.735313857,1.408631399,0.001933381,0.066920019,0.105787907,0.169269847,0.007082488,0.248340218,0.948146383,1.1796001
2016,CRS,Control,3,602,0,0,0,63.33333334,460,926.0416667,1449.375,3.043380141,2.517947084,2.854157642,8.415484867,0.228568469,0.261601738,0.424878622,0.915048828,0.537629856,1.128552095,4.165133929,5.83131588,25.07156424,65.21742483,35.10972384,53.43293111,1.204773169,0.35698701,0.108211855,1.41384112,0.090482669,0.037089112,0.016108747,0.107645734,0.212829813,0.160002742,0.157915899,0.20152442
2016,CRS,N0PfKf,3,602,0,100,300,79.06944444,593.0694445,1067.5,1739.638889,3.532131815,3.263268689,2.214776186,9.01017669,0.231412992,0.548576734,0.686379656,1.466369382,0.973724199,3.084671662,6.917755424,10.97615129,15.84475099,134.9508934,284.7661321,271.8348704,0.707805012,0.742545463,0.590813347,1.362121982,0.046372923,0.124826732,0.183098529,0.216510651,0.1951249,0.701906329,1.845379349,1.853141706
2016,CRS,NfP0Kf,3,602,300,0,300,248.125,864.8888889,1308.166667,2421.180556,11.00704635,8.825849247,6.221868471,26.05476407,0.469626594,0.422359269,0.634742769,1.526728633,3.448504785,6.094851944,9.713957354,19.25731408,87.44814937,373.782817,498.2319574,949.2329637,3.879277917,3.814305902,2.369677951,9.991448753,0.165513256,0.182532854,0.241749878,0.584142172,1.215376772,2.634038843,3.699684535,7.471101692
2016,CRS,NfPfK0,3,602,300,100,0,105.4444445,936.5555557,1155.916667,2197.916667,4.737762414,7.68383302,6.321200109,18.74279554,0.375148947,1.063932047,0.861225838,2.300306833,0.726650074,1.908015376,5.034638758,7.669304208,72.08970749,162.4949003,242.6688308,460.144703,3.239088682,1.333165633,1.327049159,5.558185931,0.256479875,0.184595063,0.180802538,0.585124003,0.49679233,0.331045784,1.05695327,1.81392307
2016,CRS,NfPfK1,3,602,300,100,240,182.5555556,1352.180555,2553.5,4088.236111,8.465406039,10.12718925,9.516409105,28.10900439,0.550106922,1.142738875,1.533887246,3.226733043,2.057372166,6.595337273,12.63198404,21.28469348,15.70569899,238.8665015,38.97219562,247.1618117,0.728299496,1.788996489,0.145241965,2.406113083,0.047327038,0.201868039,0.023410595,0.239756822,0.177000737,1.165084895,0.192792698,1.296216992
2016,CRS,NfPfK2,1,304,300,100,180,203.2986111,360.1449073,528.5447917,1091.98831,9.631034677,3.348416973,4.778451843,17.75790349,0.904468062,0.616995465,0.497650117,2.019113644,4.088948572,3.810570368,4.35243084,12.25194978,51.43769959,107.0313052,222.0907551,351.4071719,2.436801047,0.995114554,2.007871413,5.128098644,0.228844438,0.183364608,0.209109033,0.582211633,1.034567364,1.132461717,1.828860424,3.707687934
2016,CRS,NfPfK2,2,419,300,100,180,21.40925929,721.1458334,734.5739583,1477.129051,0.673557265,8.321109954,5.269424449,14.26409167,0.030388144,0.934039809,0.853987469,1.818415423,0.160759896,4.507824264,6.474857751,11.14344191,2.000619768,64.04064663,178.4423557,243.7279719,0.062941551,0.738947987,1.280046075,2.071672338,0.002839665,0.082946487,0.207450229,0.292265948,0.015022445,0.400312901,1.572869358,1.982921247
2016,CRS,NfPfK2,3,602,300,100,180,188.125,1430.333333,1922.5,3540.958333,8.770559063,9.084774553,8.147637821,26.00297144,0.573398615,1.025345664,1.147512643,2.746256922,2.424775269,6.172366751,10.206435,18.80357702,31.66888699,155.2581184,185.2025918,290.2148659,1.476432393,0.986123284,0.784896562,2.770236148,0.096525693,0.111297999,0.110544768,0.262057635,0.408185696,0.669990712,0.98322924,1.676874595
2016,CRS,NfPfK3,3,602,300,100,120,157.625,1394.694445,1659.708333,3212.027778,6.952253403,10.61434044,6.76349225,24.33008609,0.484187743,1.192152315,0.959989524,2.636329582,1.558286711,4.157600806,6.437485999,12.15337352,57.48053715,204.1192519,131.9779565,358.0291709,2.535253038,1.553452255,0.537824549,4.43170218,0.176566988,0.174476381,0.076337181,0.401724202,0.568254764,0.608481929,0.511900935,1.541010917
2016,CRS,NfPfK4,3,602,300,100,60,82.90277777,1043.555588,1426.6875,2553.145866,3.76501118,6.762254778,4.564356421,15.09162238,0.272441848,0.826395364,0.7813323,1.880169513,0.739372413,3.346580533,5.791006725,9.876959672,41.76368566,233.8809437,216.1962813,240.3632366,1.896688478,1.51555178,0.691669959,3.131398695,0.137247219,0.185211147,0.118400938,0.285169463,0.37247144,0.750033273,0.877553156,1.046194354
2016,CRS,NfPfKf,1,304,300,100,300,203.0541667,398.0329861,706.1778646,1307.265017,10.18325688,4.602739149,6.63712358,21.42311961,0.799940617,0.848985712,0.724281158,2.373207486,4.280205558,4.916012383,6.370966894,15.56718484,20.60812315,45.05784411,66.46723404,109.255725,1.033506553,0.52103597,0.624702739,1.892213042,0.081186587,0.096106271,0.068171161,0.201739733,0.434401346,0.556498902,0.599651403,1.31726418
2016,CRS,NfPfKf,2,419,300,100,300,27.01157404,615.7662037,891.7621528,1534.539931,0.938222594,8.952030166,7.250940073,17.14119283,0.048627612,1.145580885,1.011008276,2.205216773,0.221309583,4.85235385,7.606881845,12.68054528,8.585143294,89.75103283,17.46268671,76.34640492,0.298197188,1.30480359,0.141989537,1.017338222,0.015455412,0.166974197,0.019797791,0.146146593,0.070339273,0.70725507,0.148959668,0.597025744
2016,CRS,NfPfKf,3,602,300,100,300,302.7133333,1630.111111,2866.354167,4799.178611,12.12683834,11.47933375,13.09680982,36.70298191,0.992767575,1.503736487,1.8336634,4.330167461,3.352668064,7.531982624,15.27988979,26.16454048,138.9349209,431.3393336,629.5599664,1137.038786,5.565798198,3.037515746,2.876555608,10.24676677,0.455645884,0.397899683,0.402741951,1.128369662,1.538758359,1.993017741,3.356042675,6.311128084
2016,CRS,NfPfKfMn,3,602,300,100,300,190.1944445,1630.111111,2866.354167,4686.659722,8.323030017,10.60159134,12.32603647,31.25065782,0.552592723,1.111452057,1.633224756,3.297269536,2.272503877,7.145547652,13.41300704,22.83105857,50.28117701,431.3393336,629.5599664,1082.125418,2.200336328,2.80525868,2.707264578,7.077768795,0.146087403,0.294098351,0.358718031,0.747046229,0.600775538,1.890764219,2.946004496,5.181660594
2016,CRS,NOTF,1,304,150,40,180,185.25,293.3101851,635.3142361,1113.874421,9.183434279,2.825924937,4.868718736,16.87807795,0.696405338,0.475610414,0.587979177,1.759994929,3.751505515,3.690822463,5.225909547,12.66823752,63.99670407,46.02771139,253.8261322,363.7574075,3.172521057,0.443458373,1.945191805,5.558769241,0.240581087,0.074635181,0.234914428,0.549892729,1.295999936,0.579182448,2.087899707,3.96154694
2016,CRS,NOTF,2,419,150,40,180,21.3125,661.7416667,839.8750001,1522.929167,0.668955488,8.166263947,6.169814447,15.00503388,0.0325198,0.84097355,0.868135232,1.741628582,0.162183473,4.347635914,7.502499298,12.01231869,7.526775123,106.7232996,219.4048323,262.051474,0.236249972,1.317025477,1.611772114,2.357570273,0.011484773,0.135629169,0.226787397,0.287483214,0.057277116,0.701170976,1.959916178,2.202309561
2016,CRS,NOTF,3,602,150,40,180,116.6111111,938.111111,1949.395833,3004.118055,4.858632472,7.373144456,8.2442384,20.47601533,0.330981208,0.674359671,1.086239987,2.091580867,1.21819586,4.585051592,9.733331661,15.53657911,11.24361956,224.3316822,330.1268242,384.6071002,0.468468352,1.763149247,1.396147562,2.552915063,0.031913141,0.161260471,0.18395287,0.256662788,0.117458196,1.096429116,1.648322939,1.954840818
2016,CRS,NOTH,3,602,75,20,90,72.76111112,603.55,1342.5,2018.811111,2.835536288,3.513810141,3.702187441,10.05153387,0.161986612,0.347615232,0.660192875,1.169794718,0.594850422,2.365728435,6.824575686,9.785154542,24.24273278,228.612024,169.5654372,416.9793711,0.94475122,1.33095725,0.467607473,2.707901861,0.053971113,0.131669326,0.08338614,0.265545577,0.198193782,0.896088088,0.861982987,1.93108484
2016,Edo,Control,1,282,0,0,0,96.97685181,121.1197917,311.3808594,529.4775029,3.474469952,1.178373128,4.325460684,8.978303764,0.172793517,0.227196414,0.385799963,0.785789894,0.517024002,0.456910837,3.363692605,4.337627444,19.97290953,49.48556027,87.42153347,136.1296503,0.715585964,0.481444474,1.21439194,2.139742742,0.035587764,0.092824977,0.108315021,0.204792577,0.106483902,0.186678729,0.94437136,1.125760746
2016,Edo,Control,2,406,0,0,0,42.89398148,361.1967593,615.1059027,1019.196644,1.700853226,3.531690494,2.639467616,7.872011335,0.074965725,0.412322842,0.344100693,0.83138926,0.349621186,1.00435452,1.51080031,2.864776016,5.807470918,169.783601,171.8464733,338.8566412,0.23028069,1.660101078,0.73740668,2.316121211,0.010149705,0.19381585,0.096133837,0.285734812,0.047335659,0.472105362,0.422082936,0.876458485
2016,Edo,Control,3,582,0,0,0,153.8055556,818.125,1121.104167,2093.034722,7.363792078,7.01070621,5.044976228,19.41947452,0.510452142,0.755030766,0.723575764,1.989058672,1.730460018,1.789106577,5.284837283,8.804403877,129.3905944,159.5195424,181.1587522,457.2020758,6.19487008,1.366960607,0.815215593,8.149328163,0.429423409,0.147217311,0.116922304,0.670758604,1.455768288,0.348843346,0.85397464,2.572408379
2016,Edo,N0PfKf,3,582,0,100,300,201.3888889,1259.444445,1702.041667,3162.875,9.503083558,10.58611781,5.599233635,25.688435,0.773099134,1.556619858,1.059135663,3.388854655,2.390119592,4.954133489,7.295047685,14.63930077,45.20880052,424.3306277,85.14707711,404.7976225,2.133300458,3.566663091,0.280109699,4.588081467,0.17354922,0.524454639,0.052984782,0.577886625,0.536546184,1.669141169,0.36494523,1.717989522
2016,Edo,NfP0Kf,3,582,300,0,300,282.3888889,1770.972222,1939.864583,3993.225695,15.07490642,15.54062397,7.989520085,38.60505047,0.966323471,1.200256553,0.969019896,3.13559992,4.315044032,9.846490106,10.83868182,25.00021596,69.54566515,369.166745,420.4291617,840.9438439,3.712590811,3.239509629,1.731578204,8.119541537,0.237982482,0.250198619,0.210016836,0.658350701,1.062692688,2.052543036,2.34908042,5.248072529
2016,Edo,NfPfK0,3,582,300,100,0,68.89506173,1033.888889,1282.916667,2385.700617,3.44105408,11.71098092,11.61045741,26.76249241,0.329826518,1.6318441,0.965735316,2.927405934,0.52734488,2.18911872,3.300356931,6.016820531,24.87327508,144.8672365,130.9580433,38.52213738,1.242328297,1.640928208,1.185176578,1.690806563,0.119077703,0.228651984,0.098580688,0.248209889,0.190388018,0.306736616,0.336895059,0.15930948
2016,Edo,NfPfK1,3,582,300,100,240,329.6388889,2558.055556,2462.760417,5350.454861,13.53673529,21.31851038,10.76118111,45.61642678,0.793935462,2.747779655,1.469300917,5.011016033,2.324616092,9.91608925,10.7344855,22.97519084,6.591415535,751.9853742,661.7464865,1340.537524,0.270678765,6.266950682,2.891541434,8.840869686,0.015875428,0.807758107,0.394802804,1.1516538,0.046482715,2.915008655,2.884368294,5.508207403
2016,Edo,NfPfK2,1,282,300,100,180,332,310.3703703,474.1666667,1116.537037,13.48325782,3.436082151,7.492498178,24.41183815,0.596970674,0.655578486,0.937423465,2.189972625,2.336956824,2.596562543,5.891812603,10.82533197,88.41595979,56.5582404,161.2183784,210.5310547,3.590768619,0.626151137,2.547476428,4.279081587,0.15898113,0.119464901,0.318727362,0.4186465,0.622362291,0.473166973,2.003237554,2.298014139
2016,Edo,NfPfK2,2,406,300,100,180,227.3347222,1385.513889,1457.857639,3070.70625,9.055823986,17.90297445,10.49471973,37.45351817,0.413200549,1.001521402,1.132780169,2.547502121,1.330205704,6.342650911,7.598777187,15.2716338,64.89626073,613.7901437,370.086989,1033.39047,2.585126939,7.931114477,2.664155348,12.65254714,0.117954575,0.443679396,0.287563882,0.823340879,0.379728074,2.809828646,1.929000812,5.029507531
2016,Edo,NfPfK2,3,582,300,100,180,232.0046297,1977.013889,2410.270833,4619.289352,11.43667628,21.54809905,14.15657276,47.14134809,0.915816328,2.537006019,1.604090893,5.05691324,2.641477822,7.467543134,9.894249095,20.00327005,30.39516082,450.8157314,159.5047797,630.2998819,1.498330508,4.913583101,0.9368412,6.919301447,0.119982022,0.578509959,0.106154114,0.768129698,0.346062677,1.70281349,0.654772899,2.594417037
2016,Edo,NfPfK3,3,582,300,100,120,169.9027778,1744.565972,2099.989583,4014.458333,8.437974343,17.83073356,11.93460511,38.20331301,0.680869819,1.873492084,1.447471139,4.001833042,1.662871898,5.105212691,8.749025322,15.51710991,47.71254224,381.1189018,498.452696,913.4596225,2.369574014,3.895312474,2.832793143,8.558765819,0.191203643,0.409284176,0.343571176,0.897577561,0.466972034,1.115287748,2.076665186,3.539689224
2016,Edo,NfPfK4,3,582,300,100,60,176.5,1976.736111,1969.291667,4122.527778,8.488384585,22.42535331,11.2963355,42.21007339,0.7354537,3.470677416,1.537787724,5.74391884,1.507540463,4.782986799,6.540314023,12.83084128,38.04931011,765.4544404,321.4273424,1034.787613,1.829899022,8.683802644,1.843785337,11.32529644,0.158546776,1.343955536,0.250997366,1.631633164,0.324990791,1.852123034,1.067508582,2.941418347
2016,Edo,NfPfKf,1,282,300,100,300,349.6527778,489.5069444,805.125,1644.284722,11.72256557,5.004949827,12.04139411,28.7689095,0.518844652,1.065455671,1.784390019,3.368690342,2.232798467,5.253806508,10.05829135,17.54489632,99.84279596,111.5029123,208.6625191,345.3928585,3.34736,1.140058355,3.12074228,5.693088388,0.148155267,0.242696067,0.462456533,0.732913152,0.63757206,1.196744465,2.606785792,3.89693815
2016,Edo,NfPfKf,2,406,300,100,300,223.9583333,1607.268518,1806.722917,3637.949768,8.691974781,18.11286746,13.07058655,39.87542879,0.414431682,1.073419021,1.384621765,2.872472468,1.733186324,7.799454726,8.593005344,18.12564639,70.3002904,340.9488887,38.51774123,257.4393786,2.72840194,3.842271507,0.278653393,2.406680068,0.130089679,0.227703721,0.029518916,0.132505762,0.544045404,1.654493566,0.183195305,1.136865376
2016,Edo,NfPfKf,3,582,300,100,300,319.375,1834.625,3546.9375,5700.9375,15.145854,17.60996512,18.95395237,51.70977149,1.225399411,2.329016479,2.925697569,6.480113459,4.342554599,9.959173512,18.09390764,32.39563575,72.30166838,57.80597936,141.3329679,126.8372789,3.428792213,0.554860683,0.755248251,2.118683279,0.277411888,0.073383432,0.116578744,0.087449712,0.983088665,0.313796977,0.720978497,0.051686808
2016,Edo,NfPfKfMn,3,582,300,100,300,439.2083334,2851.361111,3478.708333,6769.277778,15.79853978,23.32285725,19.61919999,58.74059701,0.933879926,3.27001962,2.317903576,6.521803122,4.20559085,9.872509742,12.10989977,26.18800037,155.4705727,338.1940253,710.1485357,1118.665564,5.592352968,2.766275707,4.005091777,10.49062115,0.33057398,0.387850242,0.473180179,1.047959771,1.488691285,1.170957897,2.472132403,4.469124664
2016,Edo,NOTF,1,282,150,40,180,279.267361,307.2867064,584.6614584,1171.215526,9.741815613,3.126879718,6.753245699,19.62194103,0.439835138,0.480747102,0.849374107,1.769956348,1.858525595,2.779689283,4.828445182,9.466660059,128.9945805,170.4383047,221.5320073,513.9035966,4.499779043,1.73434147,2.558848465,8.690784853,0.203161404,0.266649091,0.321833342,0.781051479,0.858459537,1.541770337,1.829529103,4.172424273
2016,Edo,NOTF,2,406,150,40,180,122.0277778,1033.737037,1088.859375,2244.62419,4.970518902,11.85893369,5.955300452,22.78475305,0.247273238,0.740190431,0.874644335,1.862108004,0.89131602,5.118484289,6.365688894,12.3754892,55.43155081,255.9739787,408.5852434,714.040524,2.257875839,2.936509317,2.234675975,7.332112612,0.112324745,0.183285964,0.328202867,0.616092443,0.404883463,1.267439147,2.388670756,4.023256831
2016,Edo,NOTF,3,582,150,40,180,177.1738095,1290.5,2247.364583,3715.038393,7.912494232,12.57497853,10.95576433,31.44323709,0.64485292,1.373889735,1.244932623,3.263675278,1.3105809,3.90368125,8.780868246,13.9951304,6.87655859,257.3673202,404.294735,660.6978908,0.307103687,2.507856276,1.970912005,4.712605773,0.025028354,0.273997923,0.22395997,0.515430136,0.050866922,0.77851994,1.579654154,2.38187249
2016,Edo,NOTH,3,582,75,20,90,135.5555556,1051.944444,1611.020833,2798.520833,6.500730695,11.31173615,7.494378603,25.30684544,0.541591249,1.188334796,0.903088853,2.633014898,1.343823584,3.039567278,5.278020123,9.661410986,11.62562223,142.9830588,413.1618381,554.6265084,0.557520781,1.537520962,1.922005709,3.434047458,0.046448375,0.161521594,0.231605851,0.389913211,0.115250056,0.413145988,1.35359919,1.75477935
2017,Benue,Control,1,304,0,0,0,60.29166667,96.4357639,290.4882813,447.2157118,2.64899742,0.586116764,1.126349699,4.361463883,0.160228973,0.103163046,0.253388033,0.516780052,0.685827406,0.813738686,2.173783885,3.673349976,7.038543671,20.37906851,66.62707136,66.73753351,0.309248111,0.123859792,0.2583422,0.122847644,0.018705381,0.021800696,0.058117672,0.048696228,0.080064566,0.171961477,0.498584154,0.483319104
2017,Benue,Control,2,415,0,0,0,18.76041666,127.421875,398.5026042,544.6848958,0.680450081,0.894408069,1.823067932,3.397926083,0.035944061,0.160594209,0.390786191,0.587324461,0.135991924,0.8563332,3.264668697,4.256993821,5.515258585,23.10321503,45.65155232,69.90854365,0.200041301,0.162167618,0.208846517,0.514989792,0.010566972,0.029117783,0.044767578,0.078379217,0.039979423,0.155264157,0.373993024,0.538595335
2017,Benue,Control,3,531,0,0,0,92.98239091,293.3866567,587.8906251,974.2596727,2.643540365,1.261879205,1.74554272,5.65096229,0.183792685,0.169831741,0.410182077,0.763806503,0.88642786,1.498306074,3.807061335,6.191795269,14.28561754,15.88284911,433.1307987,437.4837606,0.118078034,0.046776803,1.24951668,1.32500512,0.016474162,0.043626982,0.296280452,0.257042096,0.104858325,0.13937513,2.980866492,3.056618067
2017,Benue,N0PfKf,3,531,0,100,300,101.4670139,329.6440972,885.6510417,1316.762153,3.286498118,1.866082761,2.811184764,7.963765643,0.251745621,0.462821618,0.857025002,1.571592241,1.320651711,2.54730761,7.308667284,11.1766266,50.29485498,80.32628523,115.1539333,104.2535545,1.629041202,0.454719188,0.365515274,1.871814267,0.124784489,0.112778423,0.111431924,0.186485195,0.654616547,0.62071719,0.950285999,0.984378524
2017,Benue,NfP0Kf,3,531,300,0,300,100.389385,416.7609126,761.3169643,1278.467262,3.998465792,4.734668919,5.703586942,14.43672165,0.211435657,0.277648108,0.705591752,1.194675518,1.633907299,3.65468185,6.334121376,11.62271052,35.04666828,114.8352252,94.2225205,212.5605756,1.395893643,1.304601163,0.705890401,3.110248887,0.073813734,0.076503775,0.087325827,0.207792889,0.570408984,1.007019133,0.783926944,2.078212772
2017,Benue,NfPfK0,3,531,300,100,0,65.90079363,868.9652777,764.9739583,1699.84003,2.54943382,11.40501453,4.926258773,18.88070713,0.190032444,1.235649664,0.87433231,2.300014418,0.57480455,4.884475098,4.535693883,9.994973531,19.15637697,677.6608882,522.8148018,1178.030187,0.741082355,8.894178487,3.366808733,11.49348437,0.055239595,0.963618996,0.597554817,1.501843292,0.167087102,3.809148442,3.099880555,6.72290147
2017,Benue,NfPfK1,3,531,300,100,240,107.5202546,486.5057871,1231.640625,1825.666667,4.147497417,4.703191387,9.294905133,18.14559394,0.2976283,0.732067934,1.693264051,2.722960285,1.577297137,4.576131435,9.752195512,15.90562408,56.95096797,144.9036567,188.4542611,389.8401738,2.196832525,1.40082533,1.422220446,5.015554554,0.15764676,0.218043286,0.25908761,0.634087914,0.835457459,1.36298107,1.492190792,3.686463443
2017,Benue,NfPfK2,1,304,300,100,180,110.6944444,192.6996528,375.4752604,678.8693576,6.083082935,1.69785865,2.892192145,10.67313373,0.318298097,0.340081519,0.517792347,1.176171963,1.384403876,1.647094555,3.189430451,6.220928882,13.33336726,37.72983974,34.3052956,62.38358243,0.732719508,0.332434095,0.264245123,0.967476631,0.038339642,0.066586634,0.047308096,0.109828435,0.166754216,0.322494684,0.2914023,0.55457568
2017,Benue,NfPfK2,2,415,300,100,180,26.59548611,379.1840278,562.4544271,968.233941,1.118459049,4.472090365,4.993211523,10.58376094,0.059250134,0.519000596,0.749337222,1.327587953,0.25147406,3.056685706,4.719409057,8.027568822,11.49469884,197.1477411,43.96772141,177.8536895,0.483403457,2.325157308,0.390325194,2.286131148,0.025608197,0.269842049,0.058576568,0.24682225,0.108688315,1.589251228,0.368921734,1.43100558
2017,Benue,NfPfK2,3,531,300,100,180,64.42088293,427.2668651,777.5651042,1269.252852,2.501053049,2.861777361,5.897299493,11.2601299,0.180618397,0.433101996,0.966455443,1.580175835,0.931757435,3.21122279,5.617726811,9.760707037,24.73164659,93.68744096,268.1705415,308.4458797,1.038955113,0.801649434,2.280075884,2.560939666,0.074240505,0.101536539,0.435240588,0.555766885,0.395822638,0.560922226,1.859321984,2.593609887
2017,Benue,NfPfK3,3,531,300,100,120,87.43055556,439.6788194,744.8697917,1271.979167,2.924139773,5.151006632,4.878978684,12.95412509,0.22990715,0.720203557,0.863484161,1.813594868,1.030935903,3.41541023,5.265594999,9.711941132,29.60164776,125.4085617,504.1570738,656.5075774,0.99003552,1.469209579,3.302284029,5.72707054,0.077840412,0.205421977,0.584439929,0.863269893,0.349047324,0.974169475,3.563961106,4.864880022
2017,Benue,NfPfK4,3,531,300,100,60,119.1369047,381.9909475,693.3965773,1330.346447,4.573456121,3.327520439,5.057149292,14.03506944,0.332022807,0.503150989,0.908537316,1.922095608,1.445648589,2.619475072,4.791386464,9.791839746,27.73710536,126.0464,318.4810396,536.6073682,1.064778664,1.097989298,2.322777782,4.914407988,0.077300578,0.166025848,0.417296419,0.744732423,0.336571672,0.864353998,2.200711385,3.847746636
2017,Benue,NfPfKf,1,304,300,100,300,89.88040128,154.1358024,459.7662169,703.7824206,4.675467843,1.507057666,3.497073279,9.679598788,0.269965946,0.258039699,0.611187756,1.139193402,1.163340924,1.294455492,4.237314102,6.695110518,13.56611006,46.76201185,17.89002216,70.0631912,0.705692347,0.457214011,0.136075066,1.053219932,0.040747345,0.078284573,0.023782005,0.121028524,0.175589014,0.39271436,0.164878672,0.63484649
2017,Benue,NfPfKf,2,415,300,100,300,49.3515625,286.3020833,668.5384115,1159.013021,1.955546424,3.189993676,5.733501081,12.34773562,0.095859102,0.442696343,0.870671388,1.624253753,0.402936821,1.91715748,6.018575326,9.605791857,42.34906707,182.4850964,277.6866828,569.7328747,1.678073854,2.033259056,2.381489035,6.766103945,0.08225765,0.282168694,0.361645412,0.822812619,0.345764097,1.221970387,2.499898568,4.58565375
2017,Benue,NfPfKf,3,531,300,100,300,109.8679316,466.8874009,1135.78125,1391.149554,3.891769558,3.536369937,8.395482906,13.39087164,0.28208841,0.563818183,1.574805951,1.903820445,1.603854014,3.569580218,11.05965722,13.32996196,8.983518146,118.3111727,519.5025133,1137.489639,1.320280353,0.84613091,3.715746712,9.572887698,0.091438543,0.316243751,0.693108883,1.831786995,0.490541432,1.110196152,5.666358162,11.50981414
2017,Benue,NfPfKfMn,3,531,300,100,300,85.04861112,577.734375,1075.338542,1738.121528,3.272543887,4.881440771,7.879749177,16.03373384,0.216344396,0.722864988,1.259730756,2.198940139,1.202905381,5.257339367,8.308668999,14.76891375,21.64769136,186.5252568,215.3649124,388.2866821,0.832970922,1.576004532,1.578127655,2.897825876,0.055066822,0.233381608,0.252294318,0.460399814,0.306179302,1.69736581,1.664030165,3.210698627
2017,Benue,NOTF,1,304,150,40,180,92.14409723,163.5677083,403.4570313,659.1688368,4.680100245,1.314329575,2.22510016,8.219529981,0.236476439,0.204527258,0.380509089,0.821512786,1.031600251,1.416978275,3.154749628,5.603328155,15.54524643,38.6920718,60.1706399,111.2761934,0.789560197,0.310905709,0.331846244,1.404206829,0.039894954,0.048381086,0.056748237,0.141222463,0.174036977,0.335187341,0.470491996,0.952839351
2017,Benue,NOTF,2,415,150,40,180,17.33072915,248.3482143,610.9858631,876.6648065,0.74501808,3.103543665,3.784891111,7.633452856,0.035747241,0.404686279,0.693079164,1.133512683,0.152492232,1.929340038,5.5933691,7.67520137,2.343777504,75.45144202,39.94149754,106.1886419,0.100754942,0.942897236,0.247426705,1.09857567,0.004834394,0.122948995,0.045308118,0.156018717,0.020622783,0.586158787,0.365650912,0.87291787
2017,Benue,NOTF,3,531,150,40,180,89.97519837,360.3831846,779.0969123,1229.455295,3.03606854,1.887332961,4.331773571,9.255175072,0.20626537,0.27095596,0.818612347,1.295833676,1.145385644,3.250604267,6.252728118,10.64871803,36.47931341,88.82691867,313.6464561,435.034932,1.779381016,0.255899917,1.962407683,3.946265964,0.133358238,0.141778436,0.55085725,0.825520518,0.50810732,0.93331649,3.134331989,4.556470369
2017,Benue,NOTH,3,531,75,20,90,111.4186508,416.703869,931.3318453,1459.454365,3.299749824,2.48749574,3.15951149,8.946757054,0.223050021,0.307904281,0.693782685,1.224736986,1.239212345,3.105782448,6.200006956,10.54500175,45.37389872,92.79995365,230.8220565,332.4530996,1.343783229,0.553965313,0.783055946,2.436597037,0.090834425,0.068570285,0.171947676,0.295176666,0.504654248,0.691657766,1.536614863,2.444344006
2017,CRS,Control,2,392,0,0,0,74.76388889,211.9305556,456.4270833,743.1215278,3.579976192,2.450172817,1.92558106,7.955730069,0.168852173,0.234319141,0.428434278,0.831605592,0.754147672,1.064050191,3.36706698,5.185264843,16.15970283,23.34718096,237.8141843,265.6628553,0.773787349,0.269921569,1.003293858,1.685692585,0.036496241,0.025813604,0.223228971,0.261514221,0.163003857,0.117220343,1.754357523,1.921330135
2017,CRS,Control,3,489,0,0,0,83.11111111,466.3333333,1252.546875,1384.475694,4.172282228,2.691764563,5.977132363,10.8488017,0.202925387,0.313538316,0.953332951,1.11092464,0.716601935,1.482536006,7.050852121,6.899706021,25.14973677,124.6310039,174.1913361,830.050398,1.157764417,0.520880535,1.055675677,4.668732689,0.032124869,0.030758743,0.336494544,0.700195721,0.102223763,0.437144848,1.898946726,4.807930557
2017,CRS,N0PfKf,3,489,0,100,300,90.47222222,647.4166667,991.5625,1729.451389,4.266211215,4.569893332,5.592702354,14.4288069,0.226497012,0.49555917,1.12758197,1.849638152,0.935966098,4.067252634,9.042189701,14.04540843,19.21485489,71.87695655,353.2333186,424.2345447,0.906075118,0.50735491,1.992339174,3.237207154,0.048104348,0.055017559,0.40168877,0.485914099,0.198784249,0.451551151,3.221181393,3.731510905
2017,CRS,NfP0Kf,3,489,300,0,300,227.8333333,914.3611111,1383.677083,2525.871528,11.32991495,7.531208706,7.956698111,26.81782176,0.505969519,0.482379872,0.828982567,1.817331959,2.722744354,6.276990478,11.1686444,20.16837923,167.7207655,144.2377735,234.1951067,515.2288524,8.340579408,1.188026002,1.34671578,10.64038044,0.372472253,0.076094005,0.140309949,0.56737982,2.004363281,0.990176769,1.890355703,4.632723818
2017,CRS,NfPfK0,3,489,300,100,0,98.37499999,1040.361111,989.625,2128.361111,4.954711276,10.12058592,6.752749028,21.82804622,0.297618131,1.209956722,1.163390602,2.670965455,1.017376469,4.887774688,6.370591391,12.27574255,36.1335053,617.9900012,558.375,1197.671521,1.819883976,6.011778829,3.810095985,11.47509485,0.109316252,0.718732321,0.65641857,1.465314832,0.373686181,2.903410991,3.594471611,6.787483378
2017,CRS,NfPfK1,3,489,300,100,240,137.6111111,828.6805555,1599.041667,2565.333333,7.078632816,8.238311608,10.82954514,26.14648956,0.374361537,0.800973,1.697653415,2.872987951,1.633675953,6.435149938,14.93995781,23.0087837,17.71133964,52.66660621,172.8884365,196.7368344,0.911060662,0.52358404,1.170890769,1.607264601,0.048182478,0.050905659,0.183550342,0.21152864,0.21026347,0.408984506,1.615308719,1.806298027
2017,CRS,NfPfK2,2,392,300,100,180,139.5,756.0694445,1078.875,1974.444445,6.829232571,8.972795585,7.365436578,23.16746473,0.334107522,0.728842597,1.190578028,2.253528147,1.64923526,4.811659741,8.839418205,15.30031321,22.48394491,207.2298036,207.0632074,362.9643226,1.100703146,2.459338465,1.413612255,3.348033951,0.053849857,0.199767243,0.228501824,0.377351856,0.265815876,1.318819733,1.696506347,2.663359988
2017,CRS,NfPfK2,3,489,300,100,180,156.0052083,905.25,1222.21875,1824.065972,8.334536438,6.850149078,7.635244033,17.49666939,0.437237753,0.627747567,1.30277365,1.981157436,2.017657252,5.896279515,10.46442238,14.21766594,64.35408274,443.7401231,291.0186346,460.2058919,2.648557633,2.571021398,2.358696389,6.693007624,0.112274192,0.221780133,0.39923749,0.656779031,0.850806209,3.312769953,2.142657851,3.71952871
2017,CRS,NfPfK3,3,489,300,100,120,150.3194445,878.4027776,1662.854167,2691.576389,7.819942486,9.030543812,10.51970968,27.37019597,0.468826126,1.046303091,1.726020592,3.24114981,1.638181551,4.997315462,11.32830482,17.96380184,54.55114085,260.3176889,368.3791373,678.8911411,2.837868285,2.676232765,2.330475909,7.687587208,0.17013767,0.310075525,0.382372663,0.850724743,0.594498422,1.480971651,2.509607422,4.54002791
2017,CRS,NfPfK4,3,489,300,100,60,129.3611111,744.0416667,1413.90625,2287.309028,7.147331314,6.775814186,8.889185583,22.81233108,0.383946093,0.707817046,1.277157918,2.368921057,1.297642704,3.999993074,7.603149578,12.90078536,43.11437739,28.65100713,369.8554339,398.6961057,2.382112653,0.26091805,2.325269862,3.845735358,0.127964244,0.027256096,0.334084241,0.39931815,0.432487452,0.15402878,1.988863255,2.217512992
2017,CRS,NfPfKf,2,392,300,100,300,130.1018519,735.2500001,990.03125,1855.383102,5.86067133,9.027299705,6.542789227,21.43076026,0.265130958,0.604861184,0.995297998,1.86529014,1.45064976,5.412747569,9.023647639,15.88704497,50.76843974,180.8941094,135.9027218,301.9638195,2.28695545,2.220993322,0.898136159,4.882344899,0.103459596,0.148814451,0.136625694,0.326715423,0.566073609,1.331702347,1.238686431,2.582588265
2017,CRS,NfPfKf,3,489,300,100,300,147.5972222,1143.111111,2266.963542,3557.671875,7.187934507,8.469527987,12.92365568,28.58111818,0.377301246,0.832567666,2.071546285,3.281415197,1.68021927,6.627870849,18.09665134,26.40474146,54.37300972,311.9613465,350.9912464,436.1060917,2.83742624,2.8138135,2.614311892,5.719629973,0.141980374,0.249396923,0.348619409,0.443265722,0.66003398,1.949091737,0.845350731,2.193602965
2017,CRS,NfPfKfMn,3,489,300,100,300,186.1111111,1053.333333,2149.291667,3388.736111,9.769873885,10.47825291,13.23961524,33.48774204,0.518401117,1.201423184,2.131406637,3.851230938,2.377490611,8.878566217,17.563486,28.81954283,5.912165752,355.1160708,396.6516908,518.8313007,0.310358223,3.532591142,2.443370461,3.925437684,0.016467976,0.405042418,0.393351009,0.540158323,0.075525413,2.993279952,3.241340636,4.273867756
2017,CRS,NOTF,2,392,150,40,180,93.77777781,490.2361111,771.8020833,1355.815972,4.190703554,6.883196444,4.598084796,15.67198479,0.203564226,0.508947654,0.736644083,1.449155962,1.184449893,3.477285455,7.117332975,11.77906832,36.63768587,112.0424052,284.3233372,382.7054179,1.637250146,1.573139693,1.6938835,3.984546794,0.079529739,0.116318888,0.271371519,0.406113427,0.462748256,0.794726086,2.62194662,3.47049061
2017,CRS,NOTF,3,489,150,40,180,118.0277778,717.6388889,1236.427083,2072.09375,5.869376723,4.513145589,6.360014503,16.74253682,0.279144743,0.363671325,0.965803614,1.608619682,1.279134239,4.583448693,10.38466473,16.24724766,20.0763012,289.7537937,211.246885,510.7196689,1.17495343,2.005075078,0.911813633,3.833729669,0.064211598,0.163702188,0.305774263,0.482070272,0.328635579,2.059430019,3.56219866,5.776094458
2017,CRS,NOTH,3,489,75,20,90,105.0833333,594.0555555,1320.104167,2019.243056,5.348949548,5.110672853,7.008735694,17.4683581,0.266583693,0.455029405,1.086931765,1.808544863,1.089776988,3.136659943,9.104157038,13.33059397,4.543768627,22.46004686,154.1116723,144.352999,0.231286812,0.193224271,0.818214203,0.704503219,0.011526991,0.017203747,0.126890647,0.117799132,0.047121597,0.11859081,1.062837995,1.005627724
2017,Edo,Control,1,275,0,0,0,115.1381173,155.7021605,370.703125,641.5434028,5.320888841,1.236119694,1.590329844,8.147338379,0.376365244,0.396390928,0.39893182,1.171687991,0.760315271,0.689782137,2.161348812,3.61144622,18.84694162,20.41158208,78.11108274,108.7548351,0.870975518,0.162047582,0.335099377,1.307169317,0.061607172,0.051964378,0.084059168,0.181620458,0.124455896,0.090426136,0.455419133,0.626945723
2017,Edo,Control,2,378,0,0,0,44.3520447,447.8506945,766.1002604,1258.303,1.797532709,4.041929512,3.639850978,9.4793132,0.121677163,0.562262628,0.581313714,1.265253505,0.211453043,0.928373472,2.352812385,3.4926389,6.630877351,93.23385127,240.0866672,334.0144768,0.268741137,0.841451536,1.140685803,2.205642876,0.018191413,0.117052203,0.182176772,0.310986019,0.031613406,0.193269398,0.737343287,0.948718871
2017,Edo,Control,3,506,0,0,0,114.5607639,642.3732639,922.9427083,1679.876736,5.151930754,3.659060954,4.544964959,13.35595667,0.371999363,0.419368685,0.770001656,1.561369704,0.602606335,1.803285337,3.510349172,5.916240844,81.67676489,242.2959237,82.25016672,306.3107933,3.616452172,1.478194204,0.630527916,5.008542349,0.26974544,0.165553126,0.186809045,0.378242377,0.26147915,1.684020501,1.811669525,3.461292803
2017,Edo,N0PfKf,3,506,0,100,300,90.04563489,849.1341766,1445.625,2384.804811,4.262371485,6.693585201,7.118536694,18.07449338,0.34703305,1.461527707,1.576835115,3.385395872,0.848837332,4.215972245,8.269399363,13.33420894,15.31947477,172.6856336,391.0361274,455.6229541,0.725157777,1.361252478,1.925537412,3.169623876,0.059040775,0.297226098,0.42652797,0.59837692,0.144412798,0.857388454,2.236841437,2.604351354
2017,Edo,NfP0Kf,3,506,300,0,300,116.9010416,1381.510417,1186.699219,2685.110678,5.373093515,12.78995388,6.349957636,24.51300503,0.347603338,1.079250347,0.999563682,2.426417368,1.501858298,11.63093058,8.971606846,22.10439572,NA,NA,NA,NA,NA,NA,NA,NA,NA,NA,NA,NA,NA,NA,NA,NA
2017,Edo,NfPfK0,3,506,300,100,0,71.70138888,827.6475694,1063.138021,1962.486979,3.495458106,7.252579329,7.823588086,18.57162552,0.299931285,1.558171516,1.322837815,3.180940616,0.438814892,2.52545495,3.671255898,6.635525739,16.50438436,133.1800275,278.5763607,387.1511237,0.804592282,1.167041082,2.050031749,2.468974302,0.069038847,0.250731511,0.346626061,0.520711948,0.101007383,0.406380895,0.961987143,1.250420824
2017,Edo,NfPfK1,3,506,300,100,240,179.5572917,1999.166667,2516.595216,4808.296032,8.869763532,14.00048633,13.1216024,36.58091697,0.694478167,2.397923329,3.099560899,6.33111018,1.890548707,6.003704674,13.98875868,22.51100578,75.82983663,373.3072915,206.429443,510.7950692,3.745839076,2.614331121,1.076329263,6.95830803,0.29328893,0.447767701,0.254248528,0.812020484,0.798408119,1.121080482,1.147459728,1.867066268
2017,Edo,NfPfK2,1,275,300,100,180,311.0885643,398.6953113,591.2799874,1301.063863,16.51603522,3.52495904,3.341326916,23.38232117,1.050407974,0.910864511,0.757952864,2.719225349,3.330424656,2.561094502,3.909753553,9.801272712,113.5088114,140.4687905,65.4835892,186.5947056,6.026308075,1.241917622,0.370048173,6.865335298,0.383268864,0.320916832,0.083942422,0.614640389,1.215192674,0.90232776,0.43300078,1.667916762
2017,Edo,NfPfK2,2,378,300,100,180,54.50520833,1543.28125,1274.511719,2872.298177,2.054076842,17.76599189,7.365778848,27.18584758,0.116199043,2.758252733,1.567995444,4.44244722,0.339651908,8.130431169,7.764125383,16.23420846,NA,NA,NA,NA,NA,NA,NA,NA,NA,NA,NA,NA,NA,NA,NA,NA
2017,Edo,NfPfK2,3,506,300,100,180,75,1616.328125,1604.941406,3296.269531,3.977542624,14.37166541,9.29015242,27.63936045,0.271317716,2.078428077,1.789840526,4.139586319,0.895475608,9.515990827,8.042777226,18.45424366,NA,NA,NA,NA,NA,NA,NA,NA,NA,NA,NA,NA,NA,NA,NA,NA
2017,Edo,NfPfK3,3,506,300,100,120,90.35156251,1248.359375,1432.34375,2771.054688,4.444888945,10.88006194,8.215673634,23.54062452,0.362404458,1.768925734,1.735378186,3.866708377,0.902445601,5.515687558,7.13470393,13.55283709,10.10941726,146.692708,117.03125,362.8525809,0.497337686,1.278498629,0.671270814,2.260052704,0.040549358,0.207863626,0.141791018,0.453936981,0.100974448,0.648139599,0.582948974,1.640047708
2017,Edo,NfPfK4,3,506,300,100,60,64.16666668,1085.989583,1300.429688,2450.585938,3.249650839,9.278619912,6.95852078,19.48679153,0.250549931,1.617048372,1.451801524,3.319399827,0.498285804,3.252018742,4.673698953,8.424003499,NA,NA,NA,NA,NA,NA,NA,NA,NA,NA,NA,NA,NA,NA,NA,NA
2017,Edo,NfPfKf,1,275,300,100,300,349.7154707,495.2710263,1030.273438,1875.259935,18.41164364,3.705503822,6.362715468,28.47986293,1.220337538,0.952191097,1.344097993,3.516626628,3.422994838,3.172676528,7.339472474,13.93514384,76.7815856,71.86745232,231.1959693,306.6613475,4.042358176,0.537695737,1.427809469,5.087022816,0.267930529,0.1381699,0.301618994,0.562864841,0.751533727,0.460378595,1.646996216,2.280358979
2017,Edo,NfPfKf,2,378,300,100,300,54.19114583,1203.645833,1138.580729,2396.417708,2.052183074,12.48437417,6.794466373,21.33102362,0.121611876,1.729880044,1.362819946,3.214311866,0.377636242,7.269057363,6.744101926,14.39079553,20.8388866,44.14562564,195.6220998,226.0485098,0.789154939,0.457884282,1.167372453,1.797231486,0.046765132,0.063446102,0.234149141,0.283988923,0.145217797,0.266604242,1.158719225,1.347050991
2017,Edo,NfPfKf,3,506,300,100,300,157.6041667,1852.279266,2232.984375,4242.867808,6.989939221,10.91449202,13.66597628,31.57040752,0.60540406,1.661536377,2.477977485,4.744917922,2.087668948,10.58790722,12.32395991,24.99953609,33.93228169,174.1312136,104.2218269,61.95608534,2.165220787,1.421975492,1.449214907,2.406347391,0.179525225,0.351779828,0.156675621,0.37432026,0.387639983,4.101452073,1.335631854,4.822164445
2017,Edo,NfPfKfMn,3,506,300,100,300,130.859375,1969.739583,2759.453125,4860.052083,6.246337983,17.24024115,14.83227344,38.31885258,0.516455081,2.513009183,3.18684393,6.216308194,1.692423012,11.22789748,16.98041945,29.90073994,NA,NA,NA,NA,NA,NA,NA,NA,NA,NA,NA,NA,NA,NA,NA,NA
2017,Edo,NOTF,1,275,150,40,180,239.5601851,281.4255401,597.0348011,1118.020526,11.90970369,2.049252762,2.78283841,16.74179486,0.758616611,0.535890499,0.650832992,1.945340102,2.579563598,1.715635445,4.26348492,8.558683963,45.83619167,50.79223437,96.22311503,84.39994522,2.278740354,0.369853164,0.448505481,2.076379326,0.145149731,0.09671857,0.104893681,0.153764533,0.493560194,0.309641256,0.687138839,0.532756932
2017,Edo,NOTF,2,378,150,40,180,65.390625,1057.682292,1175.078125,2298.151042,2.451251502,10.23278033,5.401067708,18.08509954,0.139661189,1.245509723,1.063638087,2.448808999,0.417418445,5.47281437,6.578364016,12.46859683,NA,NA,NA,NA,NA,NA,NA,NA,NA,NA,NA,NA,NA,NA,NA,NA
2017,Edo,NOTF,3,506,150,40,180,72.23958332,1255.9375,1287.65625,2615.833333,3.264114915,7.622057162,6.930198193,17.81637027,0.194481079,0.731813556,1.149183049,2.075477683,0.539402805,5.548375025,7.217437913,13.30521574,NA,NA,NA,NA,NA,NA,NA,NA,NA,NA,NA,NA,NA,NA,NA,NA
2017,Edo,NOTH,3,506,75,20,90,90.64236113,1012.717014,1367.669271,2471.028646,4.219694985,8.216736063,6.354192035,18.79062308,0.30227858,1.02186756,1.173759631,2.497905771,0.655962677,3.103841245,5.64742164,9.407225562,33.31201848,198.29831,266.5362424,485.2489912,1.550782168,1.608904415,1.238327499,3.973658151,0.111090549,0.200090062,0.228746443,0.502824955,0.241073164,0.607757611,1.100589576,1.860708123
