"","Year","Location","Treatment","HarvestNumber","time","Rep","N_application.kg.ha","P_application.kg.ha","K_application.kg.ha","DMLeaves.g.DM.m2","DMstems.g.DM.m2","DMRoots.g.DM.m2","Biomass.g.DM.m2","NUP_L.g.m2","NUP_ST.g.m2","NUP_SO.g.m2","NUP.g.m2","PUP_L.g.m2","PUP_ST.g.m2","PUP_SO.g.m2","PUP.g.m2","KUP_L.g.m2","KUP_ST.g.m2","KUP_SO.g.m2","KUP.g.m2"
"1",2016,"Benue","Control",1,379,1,0,0,0,15.77864583,13.25,84.703125,113.73177083,NA,NA,NA,NA,NA,NA,NA,NA,NA,NA,NA,NA
"2",2016,"Benue","Control",1,379,2,0,0,0,9.895833332,13.0625,109.5078125,132.466145832,NA,NA,NA,NA,NA,NA,NA,NA,NA,NA,NA,NA
"3",2016,"Benue","Control",1,379,3,0,0,0,14.9140625,14.5,73.125,102.5390625,NA,NA,NA,NA,NA,NA,NA,NA,NA,NA,NA,NA
"4",2016,"Benue","Control",2,455,1,0,0,0,5.533333334,7.691666667,28.66875,41.893750001,0.183167846680068,0.0425129942647591,0.125396509882875,0.351077350827702,0.0106484556746163,0.00440907446977441,0.0178953493929375,0.0329528795373282,0.0473252224823685,0.0269387276124174,0.183027961757437,0.257291911852223
"5",2016,"Benue","Control",2,455,2,0,0,0,2.388889009,9.85416663,134.0625,146.305555639,0.0790784919909928,0.0544654556108795,0.58638655700625,0.719930504608122,0.00459722507003308,0.00564867880918999,0.083683288528125,0.0939291924073481,0.0204315729800582,0.0345125084309564,0.855886152103125,0.91083023351414
"6",2016,"Benue","Control",2,455,3,0,0,0,4.388888779,20.53472232,185.6770832,210.600694299,0.14528373015739,0.11349848739078,0.812147658984511,1.07092987653268,0.00844606402741655,0.0117710665119517,0.115901679638126,0.136118810177494,0.0375370731129255,0.0719193011247414,1.18540564493262,1.29486201917029
"7",2016,"Benue","Control",3,645,1,0,0,0,39.92187499,227.7083333,550.2148438,817.84505209,1.79526132080187,1.48215079301012,1.80511046010701,5.08252257391899,0.110278074806752,0.143487587199829,0.316934875372942,0.570700537379522,0.474578482865498,1.12028692472559,4.00354088987046,5.59840629746154
"8",2016,"Benue","Control",3,645,2,0,0,0,41.8,204.8333333,1008.75,1255.3833333,1.879719407676,1.33325769411137,3.30944393295,6.52242103473737,0.115466107944,0.129073189142329,0.581060396925,0.825599694011329,0.49690503236,1.00774574965434,7.339990765725,8.84464154773934
"9",2016,"Benue","Control",3,645,3,0,0,0,54.375,246.7447917,1016.992188,1318.1119797,2.4452091577125,1.60605887096566,3.33648438803881,7.38775241671697,0.150202622475,0.155483175789234,0.585808063870041,0.891493862134275,0.646392610875,1.21394311696738,7.39996358734519,9.26029931518757
"10",2016,"Benue","N0PfKf",3,645,1,0,100,300,44.37500001,216.875,547.8515625,809.10156251,1.76932228837372,1.268555200225,1.76142981609375,4.79930730469247,0.115203855857211,0.17479047348125,0.333521474150391,0.623515803488852,0.611223479093991,1.29864294779375,4.55045381258789,6.46032023947563
"11",2016,"Benue","N0PfKf",3,645,2,0,100,300,89.04761909,253.6011902,1155.9375,1498.58630929,3.55051125965172,1.48337571694045,3.71652271785,8.75040969444217,0.231180373448122,0.204389957858059,0.703712475084375,1.13928280639056,1.22654637820757,1.51855860382862,9.60121420478437,12.3463191868206
"12",2016,"Benue","N0PfKf",3,645,3,0,100,300,105.9114583,341.484375,1308.59375,1755.9895833,4.22290712613239,1.99742607355313,4.207336815625,10.4276700153105,0.274961315444972,0.275219437891406,0.796646658398438,1.34682741173482,1.45882974655675,2.04480126974297,10.8691766646484,14.3728076809482
"13",2016,"Benue","NfP0Kf",3,645,1,300,0,300,56.51041666,258.0208334,322.265625,636.79687506,2.28770882081866,2.24458671577266,1.31493568271484,5.84723121930616,0.113066818671557,0.0990034039609969,0.154392962109375,0.366463184741929,0.847696172248954,1.12778561385806,2.5361939625,4.51167574860701
"14",2016,"Benue","NfP0Kf",3,645,2,300,0,300,129.375,583.984375,1314.0625,2027.421875,5.2374826834875,5.08022376748047,5.36174986260937,15.6794563135773,0.25885527890625,0.224076638398438,0.6295489994375,1.11248091674219,1.9407163982625,2.552542630625,10.341523018,14.8347820468875
"15",2016,"Benue","NfP0Kf",3,645,3,300,0,300,230.078125,728.6979166,1373.632813,2332.4088546,9.31424305728906,6.33912247262578,5.60481373327256,21.2581792631874,0.460343476074219,0.279603678710878,0.658088304794231,1.39803545957933,3.45133441599219,3.18507236939194,10.8103346331849,17.4467414185691
"16",2016,"Benue","NfPfK0",3,645,1,300,100,0,82.5,591.015625,1659.667969,2333.183594,3.310024193025,3.62190844832422,5.05786648265641,11.9897991240056,0.15834963705,0.384275575691406,0.921242654201269,1.46386786694268,0.937187883225,2.50142386338672,10.29011560655,13.7287273531617
"17",2016,"Benue","NfPfK0",3,645,2,300,100,0,138.75,817.9687501,2169.042969,3125.7617191,5.5668588700875,5.01274044396439,6.61019549528141,17.1897948093333,0.266315298675,0.531839428682207,1.20398473620127,2.00213946355848,1.5761796217875,3.4619838536498,13.44829407055,18.4864575459873
"18",2016,"Benue","NfPfK0",3,645,3,300,100,0,186.875,796.8750001,1965.820313,2949.5703131,7.49770631601875,4.88347206576908,5.99087098007845,18.3720493618663,0.3586859202875,0.51812437178377,1.09118061965254,1.96799091172381,2.12287255366875,3.37270633307949,12.1882922731001,17.6838711598483
"19",2016,"Benue","NfPfK1",3,645,1,300,100,240,83.05555569,469.9652779,723.9583334,1276.97916699,3.71191668977248,3.42860924407743,2.41270291074301,9.55322884459292,0.226013729107522,0.341651128040241,0.437280230352768,1.00494508750053,1.16256565577077,2.99214392772434,5.69747007385799,9.8521796573531
"20",2016,"Benue","NfPfK1",3,645,2,300,100,240,82.83333335,484.5,1673.4375,2240.77083335,3.7019851348532,3.534646615125,5.57698881403125,12.8136205640095,0.225409009780354,0.3522174495,1.01077797121875,1.5884044304991,1.15945511056662,3.084682637535,13.169763558,17.4139013061016
"21",2016,"Benue","NfPfK1",3,645,3,300,100,240,212.1875,832.0052082,1958.007813,3002.2005212,9.48307811642188,6.06985426817441,6.52536331406867,22.078295698665,0.577412164021875,0.604843658210362,1.18266213399341,2.36491795622565,2.970083073125,5.29715587218417,15.4092996851849,23.6765386304941
"22",2016,"Benue","NfPfK2",1,379,1,300,100,180,68.28125,66.15624999,253.53125,387.96874999,NA,NA,NA,NA,NA,NA,NA,NA,NA,NA,NA,NA
"23",2016,"Benue","NfPfK2",1,379,2,300,100,180,48.28645833,55.78125,203.2734375,307.34114583,NA,NA,NA,NA,NA,NA,NA,NA,NA,NA,NA,NA
"24",2016,"Benue","NfPfK2",1,379,3,300,100,180,66.30208332,58.171875,245.21875,369.69270832,NA,NA,NA,NA,NA,NA,NA,NA,NA,NA,NA,NA
"25",2016,"Benue","NfPfK2",2,455,1,300,100,180,8.558333332,54.21666667,160.125,222.900000002,0.340484746545705,0.434483055523046,0.958936353795,1.73390415586375,0.0179688943713672,0.0483630606991401,0.11805227954625,0.184384234616757,0.0974510188177344,0.249268976130825,1.21288844378625,1.55960843873481
"26",2016,"Benue","NfPfK2",2,455,2,300,100,180,10.95138901,65.37499986,306.5364582,382.86284707,0.435690077348493,0.523904021375564,1.83574678239839,2.79534088112244,0.0229933031008101,0.0583166631338654,0.225994239841023,0.307304206075698,0.124699982472456,0.30057102881008,2.32190181264604,2.74717282392857
"27",2016,"Benue","NfPfK2",2,455,3,300,100,180,14.4375,73.86111116,318.7500002,407.04861136,0.574381522378125,0.591910259929009,1.90888969844773,3.07518148075487,0.03031266748125,0.0658865552188883,0.23499868308495,0.331197905785088,0.164395219209375,0.339587154385607,2.41441493645243,2.91839731004741
"28",2016,"Benue","NfPfK2",3,645,1,300,100,180,129.3333333,722.9583334,1649.375,2501.6666667,5.34440695515591,4.10758211004503,4.08946273360625,13.5414517988072,0.286991476219366,0.381653485273944,1.00171985038125,1.67036481187456,1.68183871712654,3.97554851879952,12.2243261703062,17.8817134062323
"29",2016,"Benue","NfPfK2",3,645,2,300,100,180,98.85416665,714.4097221,2138.28125,2951.54513875,4.08492445304045,4.05901205943579,5.30165758899219,13.4455941014684,0.219358014623433,0.377140628659437,1.29864874502344,1.89514738830631,1.28549044998014,3.92853969765255,15.8478499091172,21.0618800567499
"30",2016,"Benue","NfPfK2",3,645,3,300,100,180,195.8072916,902.2916667,1996.875,3094.9739583,8.09129266520869,5.12648784439564,4.95105473053125,18.1688352401356,0.434497605814045,0.476324489836347,1.21276806440625,2.12359016005664,2.54625992933073,4.96170267822288,14.7998189140312,22.3077815215849
"31",2016,"Benue","NfPfK3",3,645,1,300,100,120,160.15625,753.7760417,1466.015625,2379.9479167,6.79404537855469,4.38845952660292,4.45183819885547,15.6343431040131,0.394692097460937,0.408032577029763,0.814287662332031,1.61701233682273,1.72591053835937,2.76728795377732,9.51058373273437,14.0037822248711
"32",2016,"Benue","NfPfK3",3,645,2,300,100,120,161.6666667,911.6071427,2326.339286,3399.6130954,6.85811930386405,5.30734704817441,7.06437634108638,19.2298426931248,0.398414396998814,0.493469400852436,1.29214815086852,2.18403194871977,1.74218741859255,3.34672279962845,15.0918204369428,20.1807306551638
"33",2016,"Benue","NfPfK3",3,645,3,300,100,120,152.109375,661.4583333,2062.5,2876.0677083,6.45268602538828,3.85098883970177,6.263177641875,16.566852506965,0.374861226222656,0.358059335138206,1.145600548125,1.87852110948586,1.63919405765156,2.42836807805471,13.3801977375,17.4477598732063
"34",2016,"Benue","NfPfK4",3,645,1,300,100,60,131.3541667,542.3177083,1534.375,2208.046875,5.53056417177118,3.07776892043583,4.68498769615625,13.2933207883633,0.33120429949759,0.399201702879109,0.869395471625,1.5998014740017,1.63544140215148,2.2808699582322,9.41973692275,13.3360482831337
"35",2016,"Benue","NfPfK4",3,645,2,300,100,60,171.5625,583.4635417,1225,1980.0260417,7.22350451117812,3.31128032031417,3.74035677575,14.2751416072423,0.432588010415625,0.429489275105266,0.694099847,1.55617713252089,2.13606026063438,2.45392035631467,7.520441698,12.110422314949
"36",2016,"Benue","NfPfK4",3,645,3,300,100,60,80.625,527.8125001,2425.78125,3034.2187501,3.39465239323125,2.99544876326752,7.40676517136719,13.796866327866,0.20329272620625,0.38852437531736,1.37447705671875,1.96629415824236,1.00383159789375,2.21986421728933,14.8922011940625,18.1158970092456
"37",2016,"Benue","NfPfKf",1,379,1,300,100,300,72.2,87.96666665,432,592.16666665,NA,NA,NA,NA,NA,NA,NA,NA,NA,NA,NA,NA
"38",2016,"Benue","NfPfKf",1,379,2,300,100,300,34.19270834,35.41666667,127.5,197.10937501,NA,NA,NA,NA,NA,NA,NA,NA,NA,NA,NA,NA
"39",2016,"Benue","NfPfKf",1,379,3,300,100,300,93.73333335,108.2666666,418.5,620.49999995,NA,NA,NA,NA,NA,NA,NA,NA,NA,NA,NA,NA
"40",2016,"Benue","NfPfKf",2,455,1,300,100,300,8.05,37.40833333,196.875,242.33333333,0.32576092619,0.338330176194102,1.10214245925,1.7662335616341,0.016410301579,0.0384382861231582,0.129586408875,0.184434996577158,0.0909028222025,0.209407255863924,1.42294898615625,1.72325906422267
"41",2016,"Benue","NfPfKf",2,455,2,300,100,300,11.97916656,52.18055564,371.3541668,435.513889,0.484763278704333,0.471933791539153,2.07890892520476,3.03560599544824,0.0244200914179717,0.053617227746075,0.244431506775262,0.322468825939309,0.135272055644449,0.292100342178682,2.68402811506265,3.11140051288578
"42",2016,"Benue","NfPfKf",2,455,3,300,100,300,15.70833321,96.35416644,574.1145832,686.17708285,0.635672195700713,0.871450802715596,3.21399902790774,4.72112202632405,0.0320221720844126,0.0990070577618842,0.377891794893488,0.508921024739785,0.177382834892703,0.53937879047594,4.14951499226391,4.86627661763256
"43",2016,"Benue","NfPfKf",3,645,1,300,100,300,211.875,1002.604167,2226.328125,3440.807292,8.7851650201875,7.41471124269952,7.65652856516953,23.8564048280566,0.5421149645625,0.728864153888157,1.50283609241719,2.77381521086784,2.96570887125,6.4835744853587,18.2170871728945,27.6663705295032
"44",2016,"Benue","NfPfKf",3,645,2,300,100,300,123.75,1073.255208,2150.585938,3347.591146,5.131158330375,7.93720764282782,7.39604485127228,20.4644108244751,0.316633519125,0.780225411814968,1.45170791815392,2.54856684909389,1.7321839425,6.94045597644833,17.5973213765815,26.2699612955298
"45",2016,"Benue","NfPfKf",3,645,3,300,100,300,141.3541667,700.9114583,3277.441406,4119.707031,5.86109583835088,5.18355722133552,11.27139502211,22.3160480817964,0.361676502991538,0.509542303751809,2.2123680603996,3.08358686714295,1.97859731525825,4.53260797940554,26.8178958558303,33.3291011504941
"46",2016,"Benue","NfPfKfMn",3,645,1,300,100,300,104.8958333,520.0000001,1614.257813,2239.1536464,4.20000786308617,3.26088817142709,5.11203020551895,12.5729262400322,0.234226939077652,0.250234212848122,0.882940200156294,1.36740135208207,1.43803441134824,2.92126493936178,11.5987911790907,15.9580905298007
"47",2016,"Benue","NfPfKfMn",3,645,2,300,100,300,226.2239583,1300.911458,3584.375,5111.5104163,9.05796134877055,8.15793612432766,11.3509955599062,28.5668930330045,0.505146330713589,0.626024143490635,1.960522510375,3.09169298457922,3.10134184049433,7.30828275142036,25.7545088509063,36.1641334428209
"48",2016,"Benue","NfPfKfMn",3,645,3,300,100,300,160.859375,1211.848958,2906.25,4278.958333,6.44077670767812,7.59943063834328,9.2035099134375,23.2437172594589,0.359190616470312,0.583165519303135,1.58961284625,2.53196898202345,2.20524790509453,6.80794590793599,20.8820342034375,29.895228016468
"49",2016,"Benue","NOTF",1,379,1,150,40,180,30.80729167,29.50520833,134.3398438,194.6523438,NA,NA,NA,NA,NA,NA,NA,NA,NA,NA,NA,NA
"50",2016,"Benue","NOTF",1,379,2,150,40,180,25.125,26.953125,175.8632813,227.9414063,NA,NA,NA,NA,NA,NA,NA,NA,NA,NA,NA,NA
"51",2016,"Benue","NOTF",1,379,3,150,40,180,32.703125,34.375,137.7265625,204.8046875,NA,NA,NA,NA,NA,NA,NA,NA,NA,NA,NA,NA
"52",2016,"Benue","NOTF",2,455,1,150,40,180,13.125,57.11666667,289.75,359.99166667,0.52626627703125,0.518175839581907,1.6434736798225,2.68791579643566,0.02325206835,0.0664748423970462,0.1786582418875,0.268385152634546,0.12432821191875,0.281093038630905,2.1324328490075,2.53785409955715
"53",2016,"Benue","NOTF",2,455,2,150,40,180,13.09722211,79.43055553,360.9375,453.46527764,0.525152481469034,0.720612689777876,2.04725204939063,3.29301722063754,0.023202857424522,0.0924447095428962,0.222552059296875,0.338199626264293,0.124065082364878,0.390908250004648,2.65634160979688,3.1713149421664
"54",2016,"Benue","NOTF",2,455,3,150,40,180,13.36111101,72.83333332,407.578125,493.77256933,0.535733497008301,0.66076113756237,2.31179955447422,3.50829418904489,0.0236703593475396,0.0847665775328154,0.251310409816406,0.359747346696761,0.126564803133046,0.358440787429382,2.99959614249141,3.48460173305383
"55",2016,"Benue","NOTF",3,645,1,150,40,180,120,395.8333333,1661.132813,2176.9661463,5.2435962684,2.65567387394303,5.78016021135897,13.679430353702,0.3277978332,0.249209442687347,0.986116145570258,1.56312342145761,1.6621465032,2.14423954127777,12.6474488586311,16.4538349031089
"56",2016,"Benue","NOTF",3,645,2,150,40,180,116.25,386.1458333,1793.75,2296.1458333,5.0797338850125,2.59067975018053,6.2416215596875,13.9120351948805,0.3175541509125,0.243110369484222,1.06484311325,1.62550763364672,1.610204424975,2.09176209986839,13.657162878625,17.3591294034684
"57",2016,"Benue","NOTF",3,645,3,150,40,180,102.0833333,488.4114583,1386.328125,1976.8229166,4.46069821298095,3.27678707280241,4.82393617494141,12.5614214607248,0.278855795513112,0.307494940636566,0.822980881734375,1.40933161788405,1.41397879566329,2.64573767087542,10.5551548467422,14.6148713132809
"58",2016,"Benue","NOTH",3,645,1,75,20,90,112.5892859,267.2619047,948.6607145,1328.5119051,4.62233801413519,1.77211842455977,2.75682719928343,9.15128363797839,0.293283872498946,0.184425568659663,0.532311200455061,1.01002064161367,1.56511061906198,1.39747831687869,7.30553070923948,10.2681196451801
"59",2016,"Benue","NOTH",3,645,2,75,20,90,69.27083332,338.0989584,1123.242188,1530.61197972,2.8439047602651,2.24181367777668,3.2641644878202,8.34988292586198,0.180443619345476,0.233307072836108,0.630272117688762,1.04402280987035,0.962938133533402,1.76787621061682,8.64996323018638,11.3807775743366
"60",2016,"Benue","NOTH",3,645,3,75,20,90,115,356.7708333,1228.710938,1700.4817713,4.7213095578,2.36562022464877,3.57065880578895,10.6575885882377,0.29956354255,0.246191704299915,0.689452598196575,1.23520784504649,1.5986221047,1.86550905633612,9.46216635003013,12.9262975110663
"61",2016,"CRS","Control",1,304,1,0,0,0,82.265625,132.5520833,394.6679688,609.4856771,3.781705107375,1.20862360274033,1.83615297783086,6.8264816879462,0.280726278208594,0.24071520361655,0.22375144403948,0.745192925864623,1.03509293044219,1.02100728441251,2.25281803819283,4.30891825304753
"62",2016,"CRS","Control",1,304,2,0,0,0,83.953125,105.2395833,355.359375,544.5520833,3.859278545475,0.959585403354709,1.65327370394484,6.47213765277455,0.286484765966719,0.19111557579405,0.201465990642656,0.679066332403425,1.05632560593844,0.81062763015689,2.02843927890844,3.89539251500377
"63",2016,"CRS","Control",1,304,3,0,0,0,48.68749999,76.59375001,212.2578125,337.5390625,2.23813734324031,0.698389733150868,0.987508096171953,3.92403517256313,0.166143035654001,0.13909460847691,0.120336576084297,0.425574220215208,0.612602007710427,0.589977726141714,1.21159624430953,2.41417597816167
"64",2016,"CRS","Control",2,419,1,0,0,0,11.66666667,277.7777777,667.96875,957.41319437,0.316265215090361,3.24726932964632,2.65181150320312,6.21534604793981,0.0166978676714375,0.312226555468132,0.381509997539063,0.710434420678632,0.0611687219674768,1.15867288300891,3.41936366625,4.63920527122638
"65",2016,"CRS","Control",2,419,2,0,0,0,9.74166655,181.3541664,302.7864585,493.88229145,0.264081451362348,2.12006096106908,1.20205116431635,3.58619357674778,0.013942719334688,0.203844912158596,0.172936325295452,0.390723956788736,0.0510758822165628,0.756468557593924,1.54997822102817,2.35752266083866
"66",2016,"CRS","Control",2,419,3,0,0,0,9.0625,290.0694443,539.2291668,838.3611111,0.2456703009375,3.39096099674406,2.14072006719308,5.77735136487464,0.0129706650625,0.326042580476531,0.307980452826362,0.646993698365393,0.047514989371875,1.20994415781832,2.76033964274254,4.01779878993274
"67",2016,"CRS","Control",3,602,1,0,0,0,92.00000001,529.25,885.625,1506.87500001,4.42091009936053,2.8970075967925,2.72958923176875,10.0475069279218,0.33202577547609,0.3009841733275,0.406334987825,1.03934493662859,0.780978107324889,1.29844825301,3.9833485557125,6.06277491604739
"68",2016,"CRS","Control",3,602,2,0,0,0,45.5,450.9999999,943.5,1439.9999999,2.18642836412,2.46868290196262,2.907966058065,7.56307732414762,0.16420839981,0.25648344287313,0.43288870686,0.85358054954313,0.386244607385,1.10647172787466,4.24365771327,5.73637404852966
"69",2016,"CRS","Control",3,602,3,0,0,0,52.5,399.75,949,1401.25,2.5228019586,2.1881507544975,2.92491763551,7.6358703486075,0.18947123055,0.2273375971425,0.43541217044,0.8522209981325,0.445666854675,0.98073630447,4.26839551658,5.694798675725
"70",2016,"CRS","N0PfKf",3,602,1,0,100,300,69.00000001,452.3333334,1071,1592.33333341,3.08231703152671,2.48889100211682,2.22203774709,7.79324578073354,0.201942691949267,0.418398798208332,0.6886300806,1.3089715707576,0.849721029693148,2.35267526972341,6.94043658945,10.1428328888666
"71",2016,"CRS","N0PfKf",3,602,2,0,100,300,97.33333332,605.5,1350.5,2053.33333332,4.34800276788438,3.331665810375,2.801925282395,10.4815938606544,0.284866019480977,0.56007473606,0.8683425993,1.71328335484098,1.1986402927558,3.149325443495,8.751689648975,13.0996553852258
"72",2016,"CRS","N0PfKf",3,602,3,0,100,300,70.875,721.375,781,1573.25,3.166075646055,3.96924925509375,1.62036552799,8.75569042913875,0.20743026507,0.667256668415,0.5021662866,1.376853220085,0.87281127493875,3.75201427217375,5.06114003395,9.6859655810625
"73",2016,"CRS","NfP0Kf",3,602,1,300,0,300,347.0833334,1284,1882.5,3513.5833334,15.3969262957241,13.10271247332,8.95349781855,37.4531365875941,0.656925194342847,0.62702771256,0.9134182164,2.19737112330285,4.82385304175155,9.04831822404,13.9787423004,27.8509135661916
"74",2016,"CRS","NfP0Kf",3,602,2,300,0,300,181.25,566.0416668,1050,1797.2916668,8.0404116895,5.77623147040436,4.993982847,18.8106260069044,0.34305217225,0.276420413977612,0.509476296,1.12894888222761,2.519058910875,3.98888249943335,7.796908056,14.3048494663083
"75",2016,"CRS","NfP0Kf",3,602,3,300,0,300,216.0416666,744.625,992,1952.6666666,9.58380105682594,7.59860379707625,4.71812474688,21.9005296007822,0.408902416682153,0.3636296810475,0.48133379584,1.25386589356965,3.00260240203595,5.24735510714625,7.36622170624,15.6161792154222
"76",2016,"CRS","NfPfK0",3,602,1,300,100,0,83.33333335,1035,1212.75,2331.08333335,3.74428009574886,8.4915060588,6.6319966251,18.8677827796489,0.29648230839263,1.17576545445,0.90357001119,2.37581777403263,0.574275611781522,2.1085731666,5.282178491205,7.96502726958652
"77",2016,"CRS","NfPfK0",3,602,2,300,100,0,186,1025.666667,1365.125,2576.791667,8.35723317204,8.41493209385479,7.46526851605,24.2374337819448,0.6617485122,1.16516273897534,1.017098339745,2.84400959092034,1.28178316524,2.08955865885242,5.9458535665275,9.31719539061992
"78",2016,"CRS","NfPfK0",3,602,3,300,100,0,47,749,889.875,1685.875,2.11177397358,6.14506090632,4.86633518595,13.12317006585,0.1672160219,0.85086794723,0.663009164055,1.681093133185,0.32389144498,1.52591430124,3.8758842175725,5.7256899637925
"79",2016,"CRS","NfPfK1",3,602,1,300,100,240,164.8333334,1174.083333,2526.5625,3865.4791664,7.64359699417144,8.79332575839599,9.41601816323437,25.8529409158018,0.496703358685891,0.992227452201631,1.517705891625,3.00663670251252,1.85764553144466,5.72665798026915,12.4987261353281,20.0830296470419
"80",2016,"CRS","NfPfK1",3,602,2,300,100,240,188.0833334,1258.833333,2598.1875,4045.1041664,8.72173832911144,9.42806295044849,9.68295092303813,27.8327522025981,0.566764145853391,1.06385037215163,1.560731023395,3.19134554140002,2.11966934492466,6.14003090720415,12.8530499485894,21.1127502007182
"81",2016,"CRS","NfPfK1",3,602,3,300,100,240,194.75,1623.625,2535.75,4354.125,9.03088279482,12.1601790377138,9.4502582292825,30.6413200618163,0.5868532602525,1.372138801225,1.52322482214,3.4822168836175,2.19480162044,7.9193229320925,12.5441760485475,22.65830060108
"82",2016,"CRS","NfPfK2",1,304,1,300,100,180,261.1458332,468.1597219,768.046875,1497.3524301,12.3714793805345,4.35267562340625,6.94373506928906,23.6678900732298,1.16182823046618,0.802045009034779,0.723152745607031,2.68702598510799,5.25243077587868,4.9534382626004,6.32466908840625,16.5305381268853
"83",2016,"CRS","NfPfK2",1,304,2,300,100,180,162.7083334,254.125,488.1875,905.0208334,7.70811759480617,2.3627058054225,4.41359085555625,14.4844142557849,0.723883405527847,0.4353635701375,0.459651803148125,1.61889877881347,3.27255559612003,2.688809907385,4.020098891225,9.98146439473003
"84",2016,"CRS","NfPfK2",1,304,3,300,100,180,186.0416667,358.15,329.4,873.5916667,8.81350705579371,3.329869490259,2.97802960506,15.1214061511127,0.827692549279549,0.613577816605,0.310145802498,1.75141616838255,3.74185934271627,3.789462934894,2.71252454184,10.2438468194503
"85",2016,"CRS","NfPfK2",2,419,1,300,100,180,19.25,647.5000001,529.03125,1195.7812501,0.6056247522325,7.47133027262887,3.794975538255,11.8719305631164,0.0273233077425,0.838652528479522,0.615031411159688,1.48100724738171,0.1445462428025,4.04747011787509,4.66311397318594,8.85513033386353
"86",2016,"CRS","NfPfK2",2,419,2,300,100,180,23.2,763.7500001,824.8625,1611.8125001,0.729895805288,8.81270810129137,5.917104159582,15.4597080661614,0.032929908552,0.989221418704522,0.958953459531375,1.9811047867879,0.174206380936,4.77413946325009,7.27070064331187,12.219046487498
"87",2016,"CRS","NfPfK2",2,419,3,300,100,180,21.77777786,752.1874999,849.828125,1623.79340276,0.685151237435684,8.679291486993,6.0961936484775,15.4606363729062,0.0309112169567056,0.974245480439228,0.987977536226719,1.99313423362265,0.163527063181843,4.70186320990616,7.49075863570234,12.3561489087903
"88",2016,"CRS","NfPfK2",3,602,1,300,100,180,200.7916666,1606,1912.5,3719.2916666,9.36109061286819,10.20052290796,8.1052573905,27.6668709113282,0.612006184927636,1.15127369104,1.1415437865,2.90482366246764,2.58803810007947,6.93042717488,10.153345608,19.6718108829595
"89",2016,"CRS","NfPfK2",3,602,2,300,100,180,211.5,1373.5,2112.5,3697.5,9.860322881655,8.72379714451,8.9528660065,27.536986032665,0.64464482169,0.98460424324,1.2609209145,2.89016997943,2.726059639005,5.92711190828,11.215133384,19.868304931285
"90",2016,"CRS","NfPfK2",3,602,3,300,100,180,152.0833333,1311.5,1742.5,3206.0833333,7.09026369388347,8.33000360759,7.3847900669,22.8050573683735,0.463544838190068,0.94015905716,1.0400732277,2.44377712305007,1.96022806938286,5.65956117052,9.2508259984,16.8706152383029
"91",2016,"CRS","NfPfK3",3,602,1,300,100,120,157.1666666,1402.75,1782.375,3342.2916666,6.93203802059458,10.6756473492175,7.26337227910875,24.8710576489208,0.482779848318549,1.199038015925,1.03094097495375,2.7127588391973,1.55375561005093,4.1816145128625,6.91327137293625,12.6486414958497
"92",2016,"CRS","NfPfK3",3,602,2,300,100,120,215.3333333,1594.666667,1676.6875,3486.6875003,9.49755368506979,12.1362316709635,6.83268420406937,28.4664695601027,0.661454468924274,1.36308391121826,0.969810419211875,2.99434879935441,2.12879347691047,4.75372039059367,6.50334284037312,13.3858567078773
"93",2016,"CRS","NfPfK3",3,602,3,300,100,120,100.375,1186.666667,1520.0625,2807.104167,4.42716850442625,9.0311422976035,6.19442026790813,19.6527310699379,0.3083289117425,1.01433501761826,0.879217176935625,2.20188110629638,0.9923110461825,3.53746751499367,5.89584378501938,10.4256223461955
"94",2016,"CRS","NfPfK4",3,602,1,300,100,60,127.75,1212.75,1489.875,2830.375,5.801737784745,7.85863692999,4.76651020113375,18.4268849158688,0.419822436075,0.960381018135,0.81593723984625,2.19614069405625,1.13934452233,3.8891704368825,6.04748842690125,11.0760033861138
"95",2016,"CRS","NfPfK4",3,602,2,300,100,60,75.83333332,1141.25,1185.9375,2403.02083332,3.44395393554447,7.39531593185,3.79413252229687,14.6334023896913,0.249209665206183,0.903759915025,0.649484399953125,1.80245398018431,0.676323232314419,3.6598769417375,4.81378861064062,9.14998878469254
"96",2016,"CRS","NfPfK4",3,602,3,300,100,60,45.125,776.6667638,1604.25,2426.0417638,2.0493418202475,5.03281147169202,5.1324265392525,12.214579831192,0.1482934436625,0.615045159653564,0.8785752610275,1.64191386434356,0.402449483915,2.49069422146375,6.5117431387575,9.40488684413625
"97",2016,"CRS","NfPfKf",1,304,1,300,100,300,180,392.25,630.5625,1202.8125,9.0270801558,4.5358663575675,5.92644069870188,19.4893872120694,0.7091177364,0.8366508730875,0.646727348025,2.1924959575125,3.7942437384,4.84458807333,5.68878325624688,14.3276150679769
"98",2016,"CRS","NfPfKf",1,304,2,300,100,300,219.6875,445.703125,755.3710938,1420.7617188,11.0174259540406,5.15398294493359,7.099473871217,23.2708827701912,0.86546834841875,0.950663884433594,0.774735485012219,2.59086771786456,4.6308217848875,5.50477512714063,6.8147763792841,16.9503732913122
"99",2016,"CRS","NfPfKf",1,304,3,300,100,300,209.475,356.1458334,732.6,1298.2208334,10.5052645313122,4.11836814303862,6.885456169482,21.5090888438329,0.8252357657355,0.759642377209905,0.75138064056,2.33625878350541,4.415551150563,4.39867394991922,6.60934104633,15.4235661468122
"100",2016,"CRS","NfPfKf",2,419,1,300,100,300,32.4999999,610.8333333,909.765625,1553.0989582,1.12885810287659,8.8803159266654,7.39732674989062,17.4065007794326,0.0585081560199749,1.13640369734632,1.03141916595703,2.22633101932333,0.266277018955686,4.81348190011233,7.76045450434766,12.8402134234157
"101",2016,"CRS","NfPfKf",2,419,2,300,100,300,17.11805544,707.8819445,874.8958335,1599.89583344,0.594580173796699,10.2912119611764,7.11379961461767,17.9995917495908,0.0308167957391932,1.31695442137801,0.991886598142078,2.33965781525928,0.14025060882789,5.57824326458883,7.46300929090399,13.1815031643207
"102",2016,"CRS","NfPfKf",2,419,3,300,100,300,31.41666678,528.5833334,890.625,1450.62500018,1.09122950674153,7.6845626102342,7.241693855625,16.0174859726007,0.0565578845306951,0.983384536639861,1.00971906328125,2.04966148445181,0.257401120044389,4.16533638443785,7.59718173890625,12.0199192433885
"103",2016,"CRS","NfPfKf",3,602,1,300,100,300,367.23,2091.833334,3590.125,6049.188334,14.7114063173094,14.730807501613,16.403829265285,45.8460430842074,1.2043540747266,1.92966362008832,2.29667390337,5.43069159818492,4.0672152750681,9.66538551504202,19.1381494226037,32.8707502127139
"104",2016,"CRS","NfPfKf",3,602,2,300,100,300,143.25,1237.5,2445.625,3826.375,5.738662295985,8.714544312375,11.174434023025,25.627640631385,0.469797459915,1.1415626145,1.56451463805,3.175874712465,1.5865495415775,5.717909921625,13.0370771718688,20.3415366350713
"105",2016,"CRS","NfPfKf",3,602,3,300,100,300,397.66,1561,2563.3125,4521.9725,15.9304464127148,10.99264943161,11.7121661790525,38.6352620233773,1.3041511895972,1.43998322524,1.639801657305,4.3839360721422,4.4042393766402,7.21265243447,13.6644427817494,25.2813345928596
"106",2016,"CRS","NfPfKfMn",3,602,1,300,100,300,216,2091.833334,3590.125,5897.958334,9.45229756176,13.6044481914091,15.4384312257175,38.4951769788866,0.62756842608,1.42626625019622,2.04562335516,4.09945803143622,2.58083688456,9.16949443804898,16.7998680886575,28.5501994112665
"107",2016,"CRS","NfPfKfMn",3,602,2,300,100,300,132.25,1237.5,2445.625,3815.375,5.787344224735,8.0482055445,10.5167963138875,24.3523460831225,0.384240390505,0.843759613125,1.3934967774,2.62149678103,1.5801651758475,5.4245475405,11.4442191829875,18.448931899335
"108",2016,"CRS","NfPfKfMn",3,602,3,300,100,300,222.3333334,1561,2563.3125,4346.6458334,9.72944826479071,10.15212028684,11.0228818610137,30.9044504126445,0.645969352347027,1.06433030795,1.46055413574,3.17085379603703,2.65650957178655,6.84260097836,11.9949338449238,21.4940443950703
"109",2016,"CRS","NOTF",1,304,1,150,40,180,155.125,274.5,532,961.625,7.69004179371,2.64469641534,4.076972025,14.41171023405,0.583157236535,0.44510918895,0.49236252604,1.520628951525,3.14144287628875,3.454127464095,4.37607678368,10.9716471240638
"110",2016,"CRS","NOTF",1,304,2,150,40,180,141.875,259.6666666,449.4375,850.9791666,7.03319696685,2.50178325078436,3.44425585429688,12.9792360719312,0.533346868225,0.421056536858565,0.415951471423125,1.37035487650669,2.87311657098125,3.26747455232444,3.696941747115,9.83753287042069
"111",2016,"CRS","NOTF",1,304,3,150,40,180,258.7500001,345.7638888,924.5052082,1529.0190971,12.8270640766573,3.33129514485748,7.08492832856805,23.2432875500828,0.972711909825927,0.560665515890587,0.85562353317009,2.3890009588866,5.2399570962376,4.35086537120718,7.60471010901365,17.1955325764584
"112",2016,"CRS","NOTF",2,419,1,150,40,180,16.75,641.2499998,1078.3125,1736.3124998,0.5257480078975,7.91338526460689,7.92140263835062,16.360535910855,0.025558083645,0.81493174144583,1.11459570996375,1.95508553505458,0.1274638436425,4.2130058745735,9.632431938015,13.972901656231
"113",2016,"CRS","NOTF",2,419,2,150,40,180,17.1875,566.7500003,646.5000002,1230.4375005,0.539480231984375,6.99401341518717,4.74926035567422,12.2827540028458,0.02622564553125,0.720253512441255,0.66825352271673,1.41473268068923,0.130793123140625,3.7235416474435,5.77510438750658,9.6294391580907
"114",2016,"CRS","NOTF",2,419,3,150,40,180,30,777.225,794.8125,1602.0375,0.9416382231,9.5913931605495,5.83878034845563,16.3718117321051,0.0457756722,0.987735396402,0.82155646227375,1.85506753087575,0.2282934513,5.10636022126575,7.099961569335,12.4346152419008
"115",2016,"CRS","NOTF",3,602,1,150,40,180,128.3333333,1195.333333,1859.1875,3182.8541663,5.34704192832782,9.39479901134681,7.86273609424313,22.6045770339178,0.364252782388722,0.859263453893717,1.03597420913313,2.25949044541556,1.34065385265178,5.84223439820416,9.28292153282313,16.4658097836791
"116",2016,"CRS","NOTF",3,602,2,150,40,180,115.5833333,835.9999999,2315.25,3266.8333332,4.81580984050532,6.57059562861404,9.7914813552675,21.1778868243869,0.328064031921222,0.600957262328115,1.2901008035475,2.21912209779684,1.20745902180178,4.08597988651125,11.5600411894275,16.8534800977405
"117",2016,"CRS","NOTF",3,602,3,150,40,180,105.9166667,783,1673.75,2562.6666667,4.41304564597968,6.15403872945,7.0784977511625,17.6455821265922,0.300626809533778,0.5628582972,0.9326449497625,1.79613005649628,1.10647470629822,3.82694049225,8.3570322603625,13.2904474589107
"118",2016,"CRS","NOTH",3,602,1,75,20,90,66,624,1295,1985,2.5720524621,3.63286807728,3.5711975684,9.77611810778,0.14693448462,0.35939343024,0.6368340951,1.14316200996,0.53957570502,2.44588607952,6.5831102519,9.56857203644
"119",2016,"CRS","NOTH",3,602,2,75,20,90,99.66666668,821.25,1530.75,2451.66666668,3.88405902156961,4.7812386353625,4.22132098674,12.8866186436721,0.221885913673017,0.4729997669625,0.752767406235,1.44765308687052,0.814813817285672,3.2190447801375,7.781541326715,11.8153999241382
"120",2016,"CRS","NOTH",3,602,3,75,20,90,52.61666667,365.4,1201.75,1619.76666667,2.0504973796374,2.127323710638,3.31404376666,7.4918648569354,0.117139436357254,0.210452499054,0.590977122615,0.918569058026254,0.430161742640418,1.432254444642,6.109075478935,7.97149166621742
"121",2016,"Edo","Control",1,282,1,0,0,0,107.25,129.7395833,407.8925781,644.8821614,3.8425345369125,1.26223498527726,5.66612640756547,10.7708959297552,0.1910982291075,0.243365413049453,0.505377696903869,0.939841339060821,0.5717944357125,0.489428034191962,4.40626071702447,5.46748318692893
"122",2016,"Edo","Control",1,282,2,0,0,0,73.95833334,67.890625,237.5,379.34895834,2.64976643497844,0.660507147222656,3.299165255875,6.60943883807609,0.131779081855629,0.127349183457031,0.294261797,0.55339006231266,0.394302689775126,0.256109772273438,2.565594415,3.21600687704856
"123",2016,"Edo","Control",1,282,3,0,0,0,109.7222221,165.7291669,288.75,564.201389,3.93110888471827,1.61237725003572,4.0110903900375,9.55457652479149,0.195503238573891,0.310874646974145,0.3577603953,0.864138280848036,0.584974881778938,0.62519470389064,3.1192226835,4.32939226916958
"124",2016,"Edo","Control",2,406,1,0,0,0,49.17361124,347.7777778,628.2552082,1025.20659724,1.94985618991674,3.40048308877284,2.69589231589921,8.04623159458879,0.0859406210334533,0.397004452858701,0.351456637523067,0.834401711415222,0.400805327235898,0.967041297939569,1.54309714667772,2.91094377185319
"125",2016,"Edo","Control",2,406,2,0,0,0,41.79166653,198.5208335,437.0625,677.37500003,1.65714369182166,1.94108646434004,1.87546942697625,5.47369958313795,0.0730392111753146,0.226620732880883,0.244500188191875,0.544160132248072,0.340636413655638,0.552012971358647,1.0734967062225,1.96614609123678
"126",2016,"Edo","Control",2,406,3,0,0,0,37.71666666,537.2916667,780,1355.00833336,1.49555979509198,5.25350192847176,3.3470411052,10.0961028287637,0.0659173421340154,0.613343341006801,0.4363452522,1.11560593534082,0.307421817143495,1.4940092895656,1.9158070776,3.7172381843091
"127",2016,"Edo","Control",3,582,1,0,0,0,64.91666666,646.8749999,931.875,1643.66666656,3.10803360746499,5.54322454311183,4.19344371560625,12.8447018661831,0.215446388884541,0.596987657063962,0.6014447053125,1.413878751261,0.730374762798327,1.41461062403132,4.392819052125,6.53780443895464
"128",2016,"Edo","Control",3,582,2,0,0,0,94.25,844.9999999,1138.5,2077.7499999,4.5124339029575,7.24100442759308,5.123257593795,16.8766959243456,0.31279828736,0.779833152057712,0.73480326975,1.82743470916771,1.06040289706,1.84787783938132,5.3668404999,8.27512123634132
"129",2016,"Edo","Control",3,582,3,0,0,0,302.25,962.5000001,1292.9375,2557.6875001,14.4709087232775,8.24788966048192,5.81822737389313,28.5370257576526,1.00311174912,0.888271489967288,0.83447931715625,2.72586255624354,3.40060239402,2.10483126721868,6.0948522958625,11.6002859571012
"130",2016,"Edo","N0PfKf",3,582,1,0,100,300,250.5833333,1586.666667,1607.1875,3444.4375003,11.8244574839896,13.3365471857351,5.2871903694625,30.4481950391872,0.961948591502039,1.96105263054532,1.0001104157875,3.92311163783486,2.97396811462773,6.24129035917786,6.88849731504687,16.1037557888525
"131",2016,"Edo","N0PfKf",3,582,2,0,100,300,191.9166667,780,1727.0625,2698.9791667,9.05611093913543,6.5562017664,5.6815450701675,21.2938577757029,0.736736816397961,0.9640468812,1.0747054683825,2.77548916598046,2.27770155307227,3.0681973608,7.40228840391562,12.7481873177879
"132",2016,"Edo","N0PfKf",3,582,3,0,100,300,161.6666667,1411.666667,1771.875,3345.2083337,7.62868225032292,11.8656044817351,5.828965466625,25.3232521986831,0.620611994727961,1.74476006104532,1.102591105875,3.46796316164828,1.91868910686227,5.55291274617786,7.59435733546875,15.0659591885089
"133",2016,"Edo","NfP0Kf",3,582,1,300,0,300,354.25,2175,2421.25,4950.5,18.9111038299625,19.086045906,9.9721525262125,47.969302262175,1.21222931583,1.4740818465,1.209486189275,3.895797351605,5.413117897265,12.09285821175,13.52834552225,31.034321631265
"134",2016,"Edo","NfP0Kf",3,582,2,300,0,300,215.4166666,1686.666667,1753.59375,3655.6770836,11.4996949859619,14.8008264066584,7.22234562478594,33.5228670174063,0.737147207821869,1.14311940915925,0.875972089715625,2.75623870669674,3.29167484358963,9.37775671471998,9.79792345096875,22.4673550092784
"135",2016,"Edo","NfP0Kf",3,582,3,300,0,300,277.5,1451.25,1644.75,3373.5,14.813920431375,12.7349995959,6.7740621032475,34.3229821305225,0.9495938889,0.983568404475,0.821601408285,2.75476370166,4.24033935495,8.0688553930125,9.18977647815,21.4989712261125
"136",2016,"Edo","NfPfK0",3,582,1,300,100,0,55.55555556,933.75,1370,2359.30555556,2.77479497577754,10.5766959562875,12.39856576,25.750056692065,0.265965295021277,1.4737893454125,1.0312886391,2.77104327953378,0.425240025034019,1.977088280175,3.5243824578,5.92671076300902
"137",2016,"Edo","NfPfK0",3,582,2,300,100,0,97.59259261,1200,1132.3125,2429.90509261,4.87438984126203,13.592540988,10.247482476,28.714413305262,0.467212368300002,1.894026468,0.852365705956875,3.21360454225688,0.747004977383242,2.540836344,2.91292139543625,6.20076271681949
"138",2016,"Edo","NfPfK0",3,582,3,300,100,0,53.53703703,967.9166666,1346.4375,2367.89120363,2.67397742442556,10.9637058031074,12.185324004,25.8230072315329,0.256301889247978,1.52771648779894,1.01355160365563,2.79756998070255,0.409789637371136,2.04943153705051,3.46376693833875,5.92298811276039
"139",2016,"Edo","NfPfK1",3,582,1,300,100,240,337.25,2731.25,3043.25,6111.75,13.8492882083,22.761890904375,13.2976655698425,49.9088446825175,0.81226682735,2.9338194654375,1.8156252570225,5.56171154981,2.3782897081175,10.5874630845625,13.264677622385,26.230430415065
"140",2016,"Edo","NfPfK1",3,582,2,300,100,240,325.8333334,1734.583333,1742.1875,3802.6041664,13.380458835071,14.455797378597,7.61259401460937,35.4488502282774,0.7847697789939,1.86323271277944,1.03940183273438,3.68740432450772,2.29777928357847,6.72396778223703,7.59370920734375,16.6154562731592
"141",2016,"Edo","NfPfK1",3,582,3,300,100,240,325.8333334,3208.333334,2602.84375,6137.0104174,13.380458835071,26.7378428680559,11.3732837322122,51.4915854353391,0.7847697789939,3.44628678696611,1.55287566009469,5.7839322260547,2.29777928357847,12.4368368830009,11.3450696607869,26.0796858273663
"142",2016,"Edo","NfPfK2",1,282,1,300,100,180,260.4166666,246.0416666,390.7812501,897.2395833,10.5760995702092,2.72390492082027,6.1748916776942,19.4748961687237,0.46825636446346,0.519700457217517,0.772571205899262,1.76052802758024,1.8330798380724,2.05838777393602,4.85569749191912,8.74716510392754
"143",2016,"Edo","NfPfK2",1,282,2,300,100,180,304.75,352.2916667,660,1317.0416667,12.37657476421,3.90018901167736,10.4289254058,26.7056891816874,0.54797232809,0.744126565178742,1.3048143834,2.59691327666874,2.145143350255,2.94727665283512,8.2009061178,13.2933261208901
"144",2016,"Edo","NfPfK2",1,282,3,300,100,180,430.8333333,332.7777776,371.7187501,1135.329861,17.4970991320796,3.68415251965406,5.87367744959108,27.0549291013247,0.77468332950673,0.702908436446712,0.734884805621137,2.21247657157458,3.0326472846487,2.78402320352938,4.618834199691,10.4355046878691
"145",2016,"Edo","NfPfK2",2,406,1,300,100,180,231.5875,951.1666666,1190.03125,2372.7854166,9.22523236570625,12.2905390327469,8.56671056623125,30.0824819646844,0.42093034135925,0.687552670215143,0.92467451178125,2.03315752335564,1.35509002072163,4.35428195511648,6.20278830537094,11.912160281209
"146",2016,"Edo","NfPfK2",2,406,2,300,100,180,160.4166667,1117.666667,1303.385417,2581.4687507,6.39015933778616,14.4419756060905,9.38271631411833,30.214851257995,0.29157118701892,0.807907518514284,1.01275262656109,2.11223133209429,0.938647484007544,5.11649111648261,6.79362312708899,12.8487617275791
"147",2016,"Edo","NfPfK2",2,406,3,300,100,180,290,2087.708333,1880.15625,4257.864583,11.552080255,26.9764087165157,13.5347323131562,52.063221284672,0.5271001198,1.50910401866322,1.46091336890625,3.49711750736947,1.6968796071,9.55717966276364,9.79992012795469,21.0539793978183
"148",2016,"Edo","NfPfK2",3,582,1,300,100,180,245.3333334,1743.75,2320.125,4309.2083334,12.0937151903797,19.0056822226875,13.6271069291663,44.7265043422334,0.96843012506316,2.2376697856875,1.54409675918625,4.75019666993691,2.79323115147903,6.586462751625,9.52419718312875,18.9038910862328
"149",2016,"Edo","NfPfK2",3,582,2,300,100,180,197.2222224,1690.625,2316.25,4204.0972224,9.72207630273578,18.4266560617813,13.6043473626125,41.7530797271295,0.778516065701761,2.16949705028125,1.5415178572125,4.48953097319551,2.24546435552408,6.3857999079375,9.5082901677375,18.1395544311991
"150",2016,"Edo","NfPfK2",3,582,3,300,100,180,253.4583334,2496.666667,2594.4375,5344.5625004,12.4942373475609,27.2119588753998,15.2382639873019,54.9444602102626,1.00050279393816,3.20385122046108,1.72665806181188,5.93101207621112,2.88573795759153,9.43036674145906,10.6502599339706,22.9663646330212
"151",2016,"Edo","NfPfK3",3,582,1,300,100,120,222,2132.291666,2628,4982.291666,11.02530710988,21.7935722606133,14.93537990544,47.7542592759333,0.8896446648,2.28987130384657,1.81141572492,4.99093169356657,2.1727576563,6.23983423290327,10.9488345696,19.3614264588033
"152",2016,"Edo","NfPfK3",3,582,2,300,100,120,128.3333334,1730.989583,2034.375,3893.6979164,6.3734883476109,17.6919729889707,11.561706048375,35.6271673849566,0.51428407826716,1.85891237890766,1.40224462153125,3.77544107870607,1.25602357073581,5.06548340877976,8.4756603225,14.7971673020156
"153",2016,"Edo","NfPfK3",3,582,3,300,100,120,159.375,1370.416667,1637.59375,3167.385417,7.9151275704375,14.0066554382027,9.30672937101375,31.228512379654,0.63868071375,1.47169256913297,1.12875307069281,3.23912635357578,1.55983446609375,4.01032043056712,6.822581073425,12.3927359700859
"154",2016,"Edo","NfPfK4",3,582,1,300,100,60,136,1225,1615.125,2976.125,6.54062494936,13.897180129,9.2647494430725,29.7025545214325,0.56669520264,2.15080799675,1.26122475366,3.97872795305,1.16161758064,2.9640571625,5.36407321746375,9.48974796060375
"155",2016,"Edo","NfPfK4",3,582,2,300,100,60,182,2755.208333,2050.25,4987.458333,8.75289515282,31.2568379564268,11.760732169745,51.7704652789918,0.75837152118,4.83748907373766,1.60100676492,7.19686735983766,1.55451764468,6.66660815804762,6.8091888331275,15.0303146358551
"156",2016,"Edo","NfPfK4",3,582,3,300,100,60,211.5,1950,2242.5,4404,10.171633652865,22.122041838,12.86352488265,45.157200373515,0.881294377635,3.4237351785,1.7511316524,6.056161208535,1.80648616401,4.718295075,7.447680018675,13.972461257685
"157",2016,"Edo","NfPfKf",1,282,1,300,100,300,236.6666667,420.1041667,749.375,1406.1458334,7.93455878011754,4.29534310046061,11.207600943,23.4375028235781,0.351186211382796,0.914394313944428,1.6608318841125,2.92641240943972,1.51129636077953,4.50891663557026,9.3618159650125,15.3820289613623
"158",2016,"Edo","NfPfKf",1,282,2,300,100,300,386.2916666,618.125,1036,2040.4166666,12.9509321175024,6.32000147684375,15.4943447232,34.7652783175462,0.573212564209408,1.34540437850625,2.29607583912,4.21469278183566,2.4667655909147,6.634245304575,12.94257393128,22.0435848267697
"159",2016,"Edo","NfPfKf",1,282,3,300,100,300,426,430.2916666,630,1486.2916666,14.2822058022,4.39950490335378,9.422236656,28.1039473615538,0.6321351804,0.936568319156144,1.3962623346,2.96496583415614,2.72033344902,4.61825758339948,7.8704841474,15.2090751798195
"160",2016,"Edo","NfPfKf",2,406,1,300,100,300,298.125,1237.1875,1838.28125,3373.59375,11.5704334055813,13.9422958601563,13.2988926845937,38.8116219503313,0.55167603440625,0.826259321578125,1.40880718621094,2.78674254219531,2.30715314386875,6.00359416255313,8.74310081470312,17.053848121125
"161",2016,"Edo","NfPfKf",2,406,2,300,100,300,158.2986112,1676.006944,1818.085417,3652.3909722,6.14367644137727,18.887504664349,13.1527876118564,38.1839687175827,0.292929308440529,1.11932618177088,1.39332966629285,2.80558515650427,1.22505371404658,8.13301581643599,8.64704684910025,18.0051163795828
"162",2016,"Edo","NfPfKf",2,406,3,300,100,300,215.4513888,1908.611111,1763.802083,3887.8645828,8.36181449476023,21.5088018522201,12.7600793505781,42.6306956975584,0.398689703246971,1.27467156088413,1.35172844176277,3.02508970589387,1.66735211411592,9.26175420021915,8.3888683675865,19.3179746819216
"163",2016,"Edo","NfPfKf",3,582,1,300,100,300,268.25,1875.5,3646.875,5790.625,12.7213317712,18.00231087391,19.48799353275,50.21163617786,1.02923958348,2.38090640161,3.0081311893125,6.4182771744025,3.64740593708,10.181061482185,18.6037164230625,32.4321838423275
"164",2016,"Edo","NfPfKf",3,582,2,300,100,300,NA,NA,NA,NA,NA,NA,NA,NA,NA,NA,NA,NA,NA,NA,NA,NA
"165",2016,"Edo","NfPfKf",3,582,3,300,100,300,370.5,1793.75,3447,5611.25,17.5703762208,17.217619370875,18.41991121368,53.207906805355,1.42155923832,2.277126557125,2.84326394778,6.541949743225,5.03770326072,9.7372855418125,17.58409885458,32.3590876571125
"166",2016,"Edo","NfPfKfMn",3,582,1,300,100,300,575.7500001,2803.125,3211.25,6590.1250001,20.7100106862345,22.9283074568438,18.110789959675,61.7491081027533,1.22420575051513,3.21470111625,2.13969299705,6.57859986381513,5.51303048831004,9.70549775690625,11.1788376389375,26.3973658841538
"167",2016,"Edo","NfPfKfMn",3,582,2,300,100,300,270,2539.875,2941.125,5751,9.7120327995,20.7750403217663,16.5873404811675,47.0744136024338,0.5740956189,2.91279875055,1.959705586905,5.446599956355,2.5853551569,8.79402492408375,10.2384924408938,21.6178725218775
"168",2016,"Edo","NfPfKfMn",3,582,3,300,100,300,471.875,3211.083334,4283.75,7966.708334,16.9735758417187,26.2652239737789,24.159469518025,67.3982693335226,1.00333840803125,3.68255899333122,2.85431214515,7.54020954651247,4.51838690615625,11.1180065446158,14.9123692443125,30.5487626950845
"169",2016,"Edo","NOTF",1,282,1,150,40,180,252.0833332,273.2142859,624.2187502,1149.5163693,8.79354229616137,2.78016650722907,7.21015987873983,18.7838686821303,0.397021360560839,0.427441127433405,0.906841448517115,1.73130393651136,1.677615762196,2.47147307862638,5.15513033001889,9.30421917084128
"170",2016,"Edo","NOTF",1,282,2,150,40,180,166.03125,156.4583334,346.015625,668.5052084,5.79174672448969,1.5920844580388,3.99672066241641,11.3805518449449,0.261492705344063,0.244777560604299,0.502678444830469,1.00894871077883,1.10493874577625,1.41530871144264,2.85758100429766,5.37782846151655
"171",2016,"Edo","NOTF",1,282,3,150,40,180,419.6874999,492.1875,783.75,1695.6249999,14.6401578188148,5.00838818976563,9.0528565557375,28.7014025643179,0.660991348001879,0.77002261875,1.1386024291125,2.56961639586438,2.793022275972,4.45228605773437,6.4726242120375,13.7179325457439
"172",2016,"Edo","NOTF",2,406,1,150,40,180,173.7916666,1305,1550,3028.7916666,7.07900102528574,14.97083679495,8.477417666,30.5272554862357,0.352165948333242,0.9344238219,1.2450631835,2.53165295373324,1.26941012524014,6.4616258853,9.061608884,16.7926448945401
"173",2016,"Edo","NOTF",2,406,2,150,40,180,63.54166666,796.4444446,771.9531249,1631.93923616,2.5882226244472,9.13673547613119,4.22204455377495,15.9470026543533,0.128758827944824,0.57028096693805,0.620084138839205,1.31912393372208,0.464121419690889,3.94354485780133,4.51299180298413,8.92065808047635
"174",2016,"Edo","NOTF",2,406,3,150,40,180,128.75,999.7666666,944.625,2073.1416666,5.2443330559875,11.4692288112642,5.166439137255,21.8800010045067,0.26089493665,0.715866505450265,0.75878568368625,1.73554712578651,0.9404165160625,4.95028212426257,5.52246599487,11.4131646351951
"175",2016,"Edo","NOTF",3,582,1,150,40,180,171.5,1209,1989,3369.5,7.65910471991,11.78082064068,9.69625285551,29.1361782161,0.62420216677,1.28712335544,1.10181098547,3.01313650768,1.268610890575,3.65714888136,7.77139012962,12.697149901555
"176",2016,"Edo","NOTF",3,582,2,150,40,180,184.8214286,1578.75,2713.28125,4476.8526786,8.25403309697241,15.38376392595,13.2270794711484,36.8648764940708,0.672687674621847,1.6807659201,1.50302819905469,3.85648179377653,1.3671514701667,4.7756193519,10.6012906612031,16.7440614832698
"177",2016,"Edo","NOTF",3,582,3,150,40,180,175.2,1083.75,2039.8125,3298.7625,7.824344880048,10.56035100855,9.94396067261438,28.3286565612124,0.637668919056,1.1537799309,1.12995868315688,2.92140753311288,1.29598033836,3.2782755171,7.96992394609125,12.5441798015513
"178",2016,"Edo","NOTH",3,582,1,75,20,90,145.25,926.25,1235,2306.5,6.96563950831,9.9601225732125,5.7451507659,22.6709128474225,0.58032390192,1.0463433790875,0.6923031102,2.3189703912075,1.4399290003175,2.676376311375,4.04610214645,8.1624074581425
"179",2016,"Edo","NOTH",3,582,2,75,20,90,138.75,1207.5,2053.3125,3399.5625,6.65392414305,12.984451289775,9.55189464130125,29.1902700741263,0.5543541576,1.364058980025,1.1510239918725,3.0694371294975,1.3754915579625,3.48904118325,6.72705434298187,11.5915870841944
"180",2016,"Edo","NOTH",3,582,3,75,20,90,122.6666667,1022.083333,1544.75,2689.4999997,5.88262843317187,10.9906345767531,7.186090401315,24.05935341124,0.490095687813178,1.15460202791928,0.86593945707,2.51063717280246,1.21605019451712,2.95328434082851,5.0609038791325,9.23023841447812
"181",2017,"Benue","Control",1,304,1,0,0,0,57.109375,77.13541667,320.8984375,455.14322917,2.50917905193594,0.468813218134322,1.24426313144336,4.22225540151362,0.151771828771094,0.0825163216285659,0.279914299892578,0.514202450292238,0.649628326096875,0.650879612203648,2.40134937281836,3.70185731111888
"182",2017,"Benue","Control",1,304,2,0,0,0,68.359375,94.42708333,214.0820313,376.86848963,3.00346329746094,0.573908416212553,0.830089360130005,4.4074610738035,0.181669425683594,0.101014241121434,0.186740148620763,0.469423815425791,0.777598885546875,0.796789153836977,1.60202011452279,3.17640815390665
"183",2017,"Benue","Control",1,304,3,0,0,0,55.40625,117.7447917,336.484375,509.6354167,2.43434990921063,0.715628657994937,1.30469660550859,4.45467517271416,0.147245664794063,0.125958574173159,0.293509650550781,0.566713889518002,0.63025500529125,0.993547292141636,2.51798216645859,4.14178446389148
"184",2017,"Benue","Control",2,415,1,0,0,0,22.13541666,112.890625,402.0703125,537.09635416,0.802863088833717,0.792409356261719,1.8393894683707,3.43466191346614,0.042410399362227,0.142279970863281,0.3942848159625,0.578975186188008,0.160456878844903,0.758676562792969,3.29389657524375,4.21303001688162
"185",2017,"Benue","Control",2,415,2,0,0,0,12.39583333,115.3125,351.171875,478.88020833,0.44960332976139,0.809409141759375,1.60653952401172,2.86555199553248,0.0237498236436135,0.145332343940625,0.344371951375,0.513454118959238,0.0898558521560454,0.774952668984375,2.8769192860625,3.74172780720292
"186",2017,"Benue","Control",2,415,3,0,0,0,21.75,154.0625,442.265625,618.078125,0.7888838258775,1.08140570972187,2.02327480432266,3.89356433992203,0.04167195948,0.194170313178125,0.433701805725,0.669544078383125,0.1576630414725,1.03537036804688,3.6231902287875,4.81622363830688
"187",2017,"Benue","Control",3,531,1,0,0,0,80.078125,310.15625,143.984375,534.21875,2.56017611359375,1.31494201670312,0.491318751038281,4.36643688133516,0.194655741640625,0.22010688628125,0.108720909746094,0.523483537667969,0.794784012636719,1.39649125684375,0.75630058706875,2.94757585654922
"188",2017,"Benue","Control",3,531,2,0,0,0,108.3333333,291.4322917,1009.375,1409.140625,2.77865815522836,1.2440840898949,2.99029829840625,7.01304054352951,0.191884969190958,0.141933573277953,0.70099470675,1.03481324921891,0.86372006473424,1.44127491598646,6.712734862625,9.0177298433457
"189",2017,"Benue","Control",3,531,3,0,0,0,90.53571443,278.5714284,610.3125002,979.41964303,2.59178682612871,1.22661150781659,1.75501111017512,5.57340944412042,0.164837344060914,0.14745476283783,0.420830615303532,0.733122722202275,1.00077950128243,1.65715204933736,3.952148555167,6.61008010578679
"190",2017,"Benue","N0PfKf",3,531,1,0,100,300,144.375,399.9739583,754.1015625,1298.4505208,4.67627998096875,2.26421317650167,2.39362765131445,9.33412080878487,0.35820285414375,0.561565021350075,0.729727469173828,1.64949534466765,1.87912389905625,3.0907779521182,6.22308015179297,11.1929820029674
"191",2017,"Benue","N0PfKf",3,531,2,0,100,300,113.90625,346.8489583,968.203125,1428.9583333,3.68940271225781,1.96347778484542,3.07321704042891,8.72609753753214,0.282608095964063,0.486977310975075,0.936908834547656,1.70649424148679,1.48255554373594,2.68025727871195,7.98991269838594,12.1527255208338
"192",2017,"Benue","N0PfKf",3,531,3,0,100,300,46.11979167,242.109375,934.6484375,1222.87760417,1.49381166069521,1.37055732168047,2.96670959922305,5.83107858159872,0.114425911748635,0.339922521253125,0.904438702663672,1.35878713566543,0.600275690019687,1.87088759836172,7.71300900243203,10.1841722908134
"193",2017,"Benue","NfP0Kf",3,531,1,300,0,300,139.6428572,544.8511904,837.0535715,1521.5476191,5.56191461651526,6.18985590663978,6.27098573156191,18.022756254717,0.294109574520352,0.362982461984658,0.775784757320665,1.43287679382567,2.27278495349075,4.77793789238068,6.96424639010321,14.0149692359746
"194",2017,"Benue","NfP0Kf",3,531,2,300,0,300,89.28571438,382.4107141,655.8035713,1127.49999978,3.55621139393393,4.34442882596338,4.91310828643856,12.8137485063359,0.18804960019858,0.254763841832526,0.607801497697804,1.05061493972891,1.45318731135599,3.35345627126071,5.45625490356422,10.2628984861809
"195",2017,"Benue","NfP0Kf",3,531,3,300,0,300,72.23958332,323.0208333,791.09375,1186.35416662,2.87727136507258,3.66972202355256,5.92666680782188,12.473660196447,0.152147797171918,0.215198019953835,0.733189002182812,1.10053481930857,1.17574963237101,2.83265138563686,6.58186283441563,10.5902638524235
"196",2017,"Benue","NfPfK0",3,531,1,300,100,0,43.86904757,1651.458333,1361.71875,3057.04613057,1.69711512368231,21.6750965454396,8.76915987133594,32.1413715404579,0.126501394913923,2.34833771470517,1.556385922875,4.0312250324941,0.382637700798979,9.28288771749299,8.07392112761719,17.7394465459092
"197",2017,"Benue","NfPfK0",3,531,2,300,100,0,78.62500001,476.0625,387.5,942.18750001,3.04168164133436,6.24823554005062,2.495412103375,11.78532928476,0.226724142130086,0.67695048731625,0.442895822,1.34657045144634,0.685788520508473,2.67595896651,2.297570211875,5.65931769889347
"198",2017,"Benue","NfPfK0",3,531,3,300,100,0,75.20833332,479.375,545.703125,1100.28645832,2.90950469578002,6.29171151269375,3.51420434316016,12.7154205516339,0.216871794605302,0.6816607900375,0.6237151848125,1.5222477694553,0.655987429327453,2.6945786101,3.23559030845703,6.58615634788448
"199",2017,"Benue","NfPfK1",3,531,1,300,100,240,164.7569445,625.3472222,1424.0625,2214.1666667,6.35535140806835,6.04541147813587,10.7470682369531,23.1478311231573,0.456065970068715,0.940989112678367,1.95780635130937,3.35486143405646,2.4169460698254,5.88209052590903,11.2758020797406,19.5748386754751
"200",2017,"Benue","NfPfK1",3,531,2,300,100,240,50.859375,336.21875,1047.421875,1434.5,1.96185478858359,3.25032336957344,7.90464910318359,13.1168272613406,0.140784537288281,0.505924024280938,1.43999943778828,2.0867079993575,0.746095206445312,3.16251364649938,8.29354172059922,12.2021505735439
"201",2017,"Benue","NfPfK1",3,531,3,300,100,240,106.9444444,497.9513891,1223.4375,1828.3333335,4.12528605313282,4.81383931414678,9.23299805742188,18.1721234247015,0.296034391307528,0.749290664693016,1.68198636501562,2.72731142101617,1.56885013476468,4.68379013163921,9.68724273473438,15.9398830011383
"202",2017,"Benue","NfPfK2",1,304,1,300,100,180,125.9375,218.3333333,352.6171875,696.8880208,6.92074711680625,1.9237146161063,2.71612211859141,11.560583851504,0.362128983003125,0.385320526674506,0.486270335946094,1.23371984562372,1.57504167474063,1.86619767751508,2.99526523848984,6.43650459074555
"203",2017,"Benue","NfPfK2",1,304,2,300,100,180,104.9479167,210.390625,414.921875,730.2604167,5.767289265837,1.85373215480625,3.19603956393906,10.8170609845823,0.301774152598453,0.371303021884375,0.572190485035938,1.24526765951877,1.31253472936741,1.79830761437813,3.52450508067344,6.63534742441897
"204",2017,"Benue","NfPfK2",1,304,3,300,100,180,101.1979166,149.375,358.8867188,609.4596354,5.56121242311662,1.31612917935,2.76441475219178,9.6417563546584,0.290991155298406,0.263621009225,0.494916219356061,1.04952838387947,1.26563522415425,1.276778373075,3.0485210349462,5.59093463217545
"205",2017,"Benue","NfPfK2",2,415,1,300,100,180,29.65625,604.0625,539.8632813,1173.5820313,1.24717784924688,7.12430347208125,4.79265772850892,13.164139049837,0.0660689858684375,0.826798532071875,0.719239874734582,1.61210739267489,0.280415163575625,4.86948044650313,4.52985261788731,9.67974822796606
"206",2017,"Benue","NfPfK2",2,415,2,300,100,180,36.25,297.3958334,534.375,868.0208334,1.524474504875,3.50748170673418,4.74393529321875,9.77589150482793,0.0807587182375,0.407054631763124,0.711928040625,1.19974139062562,0.342762476025,2.39737311224054,4.48380187453125,7.22393746279679
"207",2017,"Benue","NfPfK2",2,415,3,300,100,180,13.88020834,236.09375,613.125,863.09895834,0.583724792736092,2.78448591472187,5.44304154695625,8.81125225441422,0.0309226988802168,0.323148624407812,0.816843751875,1.17091507516303,0.131244540092724,1.90320355785469,5.14457267709375,7.17902077504116
"208",2017,"Benue","NfPfK2",3,531,1,300,100,180,56.10119045,396.9047619,1058.75,1511.75595235,2.30448463215184,2.17356118480964,8.4515670883875,12.929612905349,0.173892334915843,0.52616562477464,1.449155020775,2.14921298046548,0.967193978652638,3.58504629441413,7.6059877614875,12.1582280345543
"209",2017,"Benue","NfPfK2",3,531,2,300,100,180,44.921875,352.5260416,524.6484375,922.0963541,1.57442342121094,2.66977847673261,4.06741455475781,8.31161645270137,0.10996978859375,0.324812270294303,0.603923115455859,1.03870517434391,0.519408007675781,2.56624364764256,3.92203234265391,7.00768399797225
"210",2017,"Benue","NfPfK2",3,531,3,300,100,180,92.23958335,532.3697917,749.296875,1373.90625005,3.62425109233403,3.74199242225643,5.17291683469219,12.5391603492826,0.257993066788283,0.448328091648644,0.846288192813281,1.55260935125021,1.30867031956302,3.48237842832924,5.32516032998203,10.1162090778743
"211",2017,"Benue","NfPfK3",3,531,1,300,100,120,119.765625,578.4374999,1324.84375,2023.0468749,4.00559535832969,6.77661799241284,8.67787160639375,19.4600849571363,0.314935360539844,0.947493321539323,1.53581418722656,2.79824286930573,1.41221432159063,4.49328297695758,9.36551690333281,15.271014201881
"212",2017,"Benue","NfPfK3",3,531,2,300,100,120,80.859375,406.171875,498.4375,985.46875,2.70436477225781,4.75845987961172,3.2648201939375,10.727644845807,0.212627591753906,0.665318446722656,0.577809559765625,1.45575559824219,0.953451939234375,3.15512941669922,3.52352859082812,7.63210994676172
"213",2017,"Benue","NfPfK3",3,531,3,300,100,120,61.66666668,334.4270833,411.328125,807.42187498,2.06245918907927,3.91794202525376,2.69424425095313,8.67464546528615,0.162158498351728,0.547798903119878,0.476828735449219,1.18678613692083,0.727141446890553,2.59781829616034,2.90773950324609,6.23269924629699
"214",2017,"Benue","NfPfK4",3,531,1,300,100,60,NA,260.1692708,543.5742188,NA,NA,2.26633267594036,3.96444987715275,NA,NA,0.342689864180052,0.71222944826942,NA,NA,1.78409180556947,3.75611048457285,NA
"215",2017,"Benue","NfPfK4",3,531,2,300,100,60,138.75,511.875,1059.160156,1709.785156,5.3263683346875,4.458939500925,7.72477281871281,17.5100806543253,0.38668256925,0.67423171725,1.38778666729665,2.44870095379665,1.6836407003625,3.51014549169375,7.31882129284202,12.5126074848983
"216",2017,"Benue","NfPfK4",3,531,3,300,100,60,99.52380942,373.9285717,477.4553571,950.90773822,3.82054390661017,3.25728914066441,3.4822251798102,10.5600582270848,0.277363043805931,0.492531385643235,0.625595831809917,1.39549026125908,1.20765647707843,2.56418791730059,3.2992276136235,7.07107200800252
"217",2017,"Benue","NfPfKf",1,304,1,300,100,300,77.66203714,109.4907405,441.8181819,628.97095954,4.03988357937452,1.07054206262765,3.36055695591323,8.47098259791541,0.233266708243289,0.183299125323826,0.58732863196331,1.00389446553042,1.00519606893337,0.919519593350908,4.07190077044497,5.99661643272924
"218",2017,"Benue","NfPfKf",1,304,2,300,100,300,87.5,202.7604167,477.5976563,767.858073,4.551642298,1.98248321019675,3.63270275366371,10.1668282618605,0.262816141875,0.339442466656845,0.634891884478967,1.23715049301081,1.132530889875,1.70281226577004,4.40165286156296,7.236996017208
"219",2017,"Benue","NfPfKf",1,304,3,300,100,300,104.4791667,150.15625,459.8828125,714.5182292,5.43487765041729,1.4681477251625,3.49796012876992,10.4009855043497,0.313814988553245,0.251377506090625,0.611342751825,1.17653524646887,1.35229581298457,1.26103461633906,4.23838867490742,6.85171910423105
"220",2017,"Benue","NfPfKf",2,415,1,300,100,300,NA,176.4583333,468.7402344,NA,NA,1.96610852718485,4.01999734696235,NA,NA,0.272849774260958,0.610464116140176,NA,NA,1.18161352405387,4.21987482027223,NA
"221",2017,"Benue","NfPfKf",2,415,2,300,100,300,79.296875,496.953125,985.625,1561.875,3.14212382591406,5.53707925492266,8.45289052298125,17.132093603818,0.154024043960937,0.768416800945313,1.2836292904125,2.20607013531875,0.647428958613281,3.32773478213984,8.87317497943125,12.8483387201844
"222",2017,"Benue","NfPfKf",2,415,3,300,100,300,19.40625,185.4947916,551.25,756.1510416,0.768969023011875,2.0667932462736,4.7276153717625,7.56337764104798,0.037694160118125,0.286822453029729,0.717920757225,1.04243737037285,0.158444683073437,1.24212413376634,4.9626761774625,6.36324499430228
"223",2017,"Benue","NfPfKf",3,531,1,300,100,300,NA,341.2239584,768.4375,NA,NA,2.63381825914323,5.76805320845313,NA,NA,0.340200081790425,1.08470395967812,NA,NA,2.3229022597317,7.05293694270938,NA
"224",2017,"Benue","NfPfKf",3,531,2,300,100,300,116.2202382,576.1309526,1503.125,2195.4761908,4.82534874855199,4.31166409053812,11.0229126032187,20.1599254423089,0.346745223770892,0.787436283980934,2.06490794290625,3.19908945065808,1.95071918694292,4.4515328998413,15.0663775051563,21.4686295919405
"225",2017,"Benue","NfPfKf",3,531,3,300,100,300,103.515625,483.3072916,NA,586.8229166,2.95819036664062,3.66362746163761,NA,6.62181782827824,0.217431596308594,NA,NA,0.608551439018445,1.25698884105469,3.9343054937021,NA,5.19129433475679
"226",2017,"Benue","NfPfKfMn",3,531,1,300,100,300,72.1875,782.1875,1323.984375,2178.359375,2.77766748610312,6.6089229208125,9.70174915673906,19.0883395636547,0.183628643034375,0.978678060753125,1.55101279508438,2.71331949887188,1.02100117855312,7.1178474295,10.229846235082,18.3686948431352
"227",2017,"Benue","NfPfKfMn",3,531,2,300,100,300,72.91666666,416.8489583,954.6875,1444.45312496,2.80572473318098,3.52207448345273,6.99565555528125,13.323454771915,0.185483477795542,0.52156411363772,1.1183912406875,1.82543883212076,1.03131432167654,3.79329417348834,7.37645134789063,12.2010598430555
"228",2017,"Benue","NfPfKfMn",3,531,3,300,100,300,110.0416667,534.1666666,947.34375,1591.5520833,4.23423944185887,4.51332490793672,6.94184282024063,15.6894071700362,0.279921065743542,0.668352789308253,1.10978823114375,2.05806208619555,1.55640064264104,4.86087649672667,7.31970941444531,13.736986553813
"229",2017,"Benue","NOTF",1,304,1,150,40,180,78.54166665,129.5833333,335.9375,544.06249995,3.98921780521182,1.04125202448215,1.852724149375,6.88319397906897,0.201567482063477,0.162032738966653,0.3168299528125,0.68043017384263,0.879314090582158,1.12257345904874,2.62679448125,4.62868203088089
"230",2017,"Benue","NOTF",1,304,2,150,40,180,109.0885417,205.6770834,451.40625,766.1718751,5.54072725287949,1.65269463306694,2.4895442174625,9.68296610340894,0.279962262201952,0.257181385269819,0.42573103891875,0.962874686390521,1.22130196530365,1.78176953069159,3.529678723875,6.53275021987024
"231",2017,"Benue","NOTF",1,304,3,150,40,180,88.80208335,155.4427083,423.0273438,667.27213545,4.51035567679444,1.24904206881028,2.33303211372419,8.09242985932891,0.227899573644335,0.194367648499465,0.398966276091687,0.821233498235488,0.994184698303779,1.34659183628389,3.30777567884409,5.64855221343176
"232",2017,"Benue","NOTF",2,415,1,150,40,180,17.07552083,329.296875,652.5390625,998.91145833,0.734047115710898,4.11513822658594,4.04230187105469,8.89148721335152,0.0352208349928641,0.536593054605469,0.740215535591797,1.31202942519013,0.150246666813769,2.55820500725391,5.97377459813672,8.68222627220439
"233",2017,"Benue","NOTF",2,415,2,150,40,180,15.12499996,235.7738096,572.8794642,823.77827376,0.650197596096719,2.94640456795332,3.54883234292884,7.14543450697889,0.031197591754994,0.384196141215225,0.649852711955224,1.06524644492544,0.133084129741792,1.83165339876988,5.24451789586487,7.20925542437654
"234",2017,"Benue","NOTF",2,415,3,150,40,180,19.79166666,179.9739583,607.5390625,807.30468746,0.850809528536328,2.24908819918292,3.76353912005469,6.86343684777394,0.0408232950904157,0.293269640149589,0.689169244241797,1.0232621794818,0.174145900201757,1.39816170833193,5.56181480543672,7.1341224139704
"235",2017,"Benue","NOTF",3,531,1,150,40,180,129.6130951,462.9464288,1122.857143,1715.4166669,5.06964063575335,2.17137737503636,6.46520618233683,13.7062241931265,0.356823851493337,0.432978600954847,1.43716319358285,2.22696564603103,1.70737230702316,4.30230793074472,9.86709974448393,15.8767799822518
"236",2017,"Benue","NOTF",3,531,2,150,40,180,82.5,308.2031251,705.9375,1096.6406251,2.273517024075,1.67478525595747,3.92641411772813,7.87471639776059,0.158977685625,0.210257756107283,0.6377497261875,1.00698516791978,1.0103419326,2.92851509871191,4.6076389554375,8.54649598674941
"237",2017,"Benue","NOTF",3,531,3,150,40,180,57.81250001,310,508.4960938,876.30859381,1.76504795925843,1.815836253,2.60370041382145,6.18458462607988,0.10299457190844,0.1696315226,0.380924120886089,0.653550215394529,0.718442693593021,2.5209897717,4.28344565326982,7.52287811856284
"238",2017,"Benue","NOTH",3,531,1,75,20,90,105.7142858,411.3095236,1133.214286,1650.2380954,3.13081062622421,2.45529442844568,3.84439077731928,9.43049583198917,0.211630400257306,0.303918375618991,0.844172196680696,1.35972097255699,1.17576767432475,3.06557724564671,7.54396672984133,11.7853116498128
"239",2017,"Benue","NOTH",3,531,2,75,20,90,159.375,512.0833333,981.09375,1652.5520833,4.72001432709375,3.05685933101352,3.32832705233437,11.1052007104416,0.31905427715625,0.378380576933703,0.730852122426563,1.42828697651652,1.77258893325,3.81666585470573,6.53127894723281,12.1205337351885
"240",2017,"Benue","NOTH",3,531,3,75,20,90,69.16666668,326.7187501,679.6875,1075.57291678,2.04842451881988,1.95033346120476,2.30581663921875,6.30457461924339,0.138465385668359,0.241413889339515,0.506323735078125,0.886203010085999,0.769280426081628,2.43510424282501,4.52477519039063,7.72915985929726
"241",2017,"CRS","Control",2,392,1,0,0,0,79.87500001,237.9583334,731.03125,1048.86458341,3.82471541514634,2.75108531899283,3.08408501814375,9.65988575228292,0.180395475783835,0.263096523012876,0.686196891438437,1.12968889023515,0.805703745869621,1.1947291382268,5.39282455646031,7.39325744055673
"242",2017,"CRS","Control",2,392,2,0,0,0,56.66666666,192.8333333,319.125,568.62499996,2.71341312641411,2.22938589573296,1.346329081575,6.28912810372207,0.12798009755161,0.213204466459812,0.29955297120375,0.640737535215172,0.571599944766086,0.968167825110975,2.35418819179125,3.89395596166831
"243",2017,"CRS","Control",2,392,3,0,0,0,87.75,205,319.125,611.875,4.201800033015,2.37004723615,1.346329081575,7.91817635074,0.1981809452025,0.2266564337,0.29955297120375,0.72439035010625,0.8851393263375,1.02925360855,2.35418819179125,4.26858112667875
"244",2017,"CRS","Control",3,489,1,0,0,0,79.16666666,427.0416666,1375.71875,1881.92708326,3.89003945671408,2.49431634793061,6.72360779319031,13.107963597835,0.214163003773632,0.335288032186824,1.191270524255,1.74072156021546,0.753069182311584,1.90138458087734,8.39361022792906,11.048063991118
"245",2017,"CRS","Control",3,489,2,0,0,0,110,605.8749999,1129.375,1845.2499999,5.4450717222,3.28250206766697,5.23065693320625,13.9582307230732,0.2279218381,0.29178860019684,0.71539537704375,1.23510581534059,0.7955912635,1.51707897319711,5.7080940141875,8.02076425088461
"246",2017,"CRS","Control",3,489,3,0,0,0,60.16666666,366.0833333,NA,426.24999996,3.18173550380412,2.29847527255905,NA,5.48021077636317,0.166691317984863,NA,NA,0.356946543231707,0.601145357931724,1.02914446371629,NA,1.63028982164802
"247",2017,"CRS","N0PfKf",3,489,1,0,100,300,111,711.6666667,1396.5,2219.1666667,5.234197119,5.02341215821862,7.87666822488,18.1342775020986,0.27788825913,0.544738745392181,1.58806754085,2.41069454537218,1.1483329842,4.47088911030941,12.73486836867,18.3540904631794
"248",2017,"CRS","N0PfKf",3,489,2,0,100,300,87.5,660.7916667,746.75,1495.0416667,4.1260562875,4.66430289329487,4.21188828996,13.0022474707549,0.219056060125,0.505796941639681,0.849186850075,1.57403985183968,0.9052174425,4.15127812650191,6.809712104765,11.8662076737669
"249",2017,"CRS","N0PfKf",3,489,3,0,100,300,72.91666666,569.7916666,831.4375,1474.14583326,3.43838023926897,4.02196494451901,4.68955054581,12.149895729598,0.182546716754143,0.436141823303137,0.94549151879375,1.56418005885103,0.754347868681031,3.57959066589368,7.58198862819625,11.915927162771
"250",2017,"CRS","NfP0Kf",3,489,1,300,0,300,154.375,828.0416666,1440.65625,2423.0729166,7.676908354375,6.82023167041631,8.28435116946937,22.7814911942607,0.3428341382375,0.436841231049829,0.863119676832187,1.64279504611952,1.8448734149625,5.68441679487817,11.6285638825022,19.1578540923429
"251",2017,"CRS","NfP0Kf",3,489,2,300,0,300,109.375,834.1666667,1126.25,2069.7916667,5.439105109375,6.87068072551622,6.476389148775,18.7861749836662,0.2428986809375,0.440072532917585,0.6747539782875,1.35772519214259,1.3070965490625,5.72646426041216,9.0907668450875,16.1243276545622
"252",2017,"CRS","NfP0Kf",3,489,3,300,0,300,419.7499999,1080.875,1584.125,3084.7499999,20.8737313747771,8.90271372095375,9.1093540158075,38.8857991115383,0.932175737592921,0.570225852945,0.94907404737375,2.45147563791167,5.01626309794994,7.4200903782925,12.7866024670137,25.2229559432562
"253",2017,"CRS","NfPfK0",3,489,1,300,100,0,136.1666666,1521.833334,1548,3206.0000006,6.85810946347563,14.804325962377,10.56284501292,32.2252804387726,0.411950890694977,1.76991666895868,1.81980917136,4.00167673101365,1.40821105385221,7.14980439789043,9.9650630016,18.5230784533426
"254",2017,"CRS","NfPfK0",3,489,2,300,100,0,64.16666668,343.5,431.25,838.91666668,3.23178965150487,3.341552490975,2.9426530438125,9.51599518629238,0.194126184857005,0.39949603035,0.50697203175,1.100594246957,0.663600068679558,1.613815229175,2.77611978,5.05353507785456
"255",2017,"CRS","NfPfK0",3,489,3,300,100,0,94.79166668,1255.75,989.625,2340.16666668,4.77423471212987,12.2158793028875,6.75274902836625,23.7428630433836,0.286777318519505,1.460457467575,1.163390601555,2.9106253876495,0.980318283210808,5.8997044367875,6.3705913908,13.2506141107983
"256",2017,"CRS","NfPfK1",3,489,1,300,100,240,121.875,889.0416666,1685.25,2696.1666666,6.26917672265625,8.83839041886265,11.4133929869925,26.5209601285114,0.33155253178125,0.859315891695979,1.78917815412,2.98004657759723,1.4468617775625,6.90388640993521,15.745408279335,24.0961564668327
"257",2017,"CRS","NfPfK1",3,489,2,300,100,240,134.1666666,804.9166665,1400,2339.0833331,6.90145266219571,8.00206336828225,9.481531038,24.385047068478,0.364991163010305,0.778003674068073,1.486336992,2.62933182907838,1.59278458852522,6.25061056612991,13.080297636,20.9236927906551
"258",2017,"CRS","NfPfK1",3,489,3,300,100,240,156.7916667,792.0833334,1711.875,2660.7500001,8.0652690640584,7.8744810371336,11.5937113897688,27.5334614909607,0.426540915336098,0.765599433085271,1.8174450987,3.00958544712137,1.86138149405989,6.15095283656354,15.9941675111625,24.0065018417859
"259",2017,"CRS","NfPfK2",2,392,1,300,100,180,163.3333334,710.6250001,1250.125,2124.0833335,7.995995125997,8.43347513951802,8.5345534950125,24.9640237605275,0.391189213493002,0.685034654796399,1.3795586670725,2.4557825353619,1.9310042475215,4.5224492655739,10.2425004601313,16.6959539732267
"260",2017,"CRS","NfPfK2",2,392,2,300,100,180,118.6666667,982.2499999,1137.75,2238.6666666,5.8093352336585,11.6570356429657,7.767373853775,25.2337447303992,0.284210938746501,0.946878155863601,1.255548743895,2.4866378385051,1.40293369802075,6.2510829059386,9.3217917396375,16.9758083435968
"261",2017,"CRS","NfPfK2",2,392,3,300,100,180,136.5,575.3333334,848.75,1560.5833334,6.68236735257,6.82787597323785,5.794382384875,19.3046257106828,0.326922414,0.554614981717599,0.936626672275,1.8181640679926,1.61376783477,3.6614470511576,6.9539624161875,12.2291773021151
"262",2017,"CRS","NfPfK2",3,489,1,300,100,180,110.5,815.875,1428,2354.375,6.46172337551,7.27410226097375,9.30309424464,23.0389198811237,0.357847910615,0.78456980282125,1.58507718684,2.72749490027625,1.41604641243,5.11610405820625,11.9795102784,18.5116607490363
"263",2017,"CRS","NfPfK2",3,489,2,300,100,180,201.5104166,1386.875,NA,1588.3854166,10.2073495007085,9.182843153575,NA,19.3901926542835,0.516627596025436,NA,NA,1.72458196322544,2.6192680925371,9.52950452855625,NA,12.1487726210934
"264",2017,"CRS","NfPfK2",3,489,3,300,100,180,NA,513,1016.4375,1529.4375,NA,4.09350181923,5.96739382163438,10.0608956408644,NA,0.4709253303,1.0204701141375,1.4913954444375,NA,3.04322995782,8.94933448599937,11.9925644438194
"265",2017,"CRS","NfPfK3",3,489,1,300,100,120,169.5833334,1077.208333,1947.8125,3194.6041664,8.82209163585148,11.0743924015394,12.3224407843531,32.218924821744,0.528907604524591,1.28310888532045,2.02180356648438,3.83382005632942,1.84811944381403,6.12833883923947,13.269602458475,21.2460607415285
"266",2017,"CRS","NfPfK3",3,489,2,300,100,120,88.75000001,583.7499999,1246.875,1919.37499991,4.61696687447022,6.00132431698444,7.88810183371875,18.5063930251734,0.276799311381189,0.695329574355886,1.29423972890625,2.26636861464332,0.96719764477148,3.32100828335609,8.49441902925,12.7826249573776
"267",2017,"CRS","NfPfK3",3,489,3,300,100,120,192.625,974.2499999,1793.875,2960.7499999,10.020768947545,10.0159147172994,11.3485864075887,31.3852700724332,0.600771463085,1.16047081432589,1.86201848115625,3.62326075856714,2.09922756397875,5.54259926386609,12.22089298133,19.8627198091748
"268",2017,"CRS","NfPfK4",3,489,1,300,100,60,85.33333332,711,1155,1951.33333332,4.71475237131665,6.47491142232,7.2614498649,18.4511136585367,0.253270860760426,0.67638405492,1.04329222305,1.97294713873043,0.855992782372918,3.8223599607,6.21090525825,10.8892580013229
"269",2017,"CRS","NfPfK4",3,489,2,300,100,60,171.5,762,1249.21875,2182.71875,9.47554724774,6.93935654544,7.85380028001563,24.2687040731956,0.50901506985,0.72490105464,1.12839844741406,2.36231457190406,1.72034486953,4.0965376794,6.71755783816406,12.5344403870941
"270",2017,"CRS","NfPfK4",3,489,3,300,100,60,131.25,759.1250001,1837.5,2727.8750001,7.25169432225,6.91317459088068,11.55230660325,25.7171755163807,0.389552349375,0.722166027790131,1.659783082125,2.77150145929013,1.316590461375,4.0810815830501,9.880985638125,15.2786576825501
"271",2017,"CRS","NfPfKf",2,392,1,300,100,300,138,688.9583334,1129.5,1956.4583334,6.21645758028,8.45893690517061,7.4644920873,22.1398865727506,0.28122637464,0.566778855261094,1.13550869151,1.98351392141109,1.53871496748,5.07195857732412,10.294836661755,16.9055102065591
"272",2017,"CRS","NfPfKf",2,392,2,300,100,300,176.4583334,934.7916667,982.59375,2093.8437501,7.94888220484062,11.4772452044697,6.49363724825625,25.9197646575665,0.359599546210858,0.769016245358672,0.987820932579375,2.11643672414891,1.96752955608084,6.88172910041206,8.95585848703969,17.8051171435326
"273",2017,"CRS","NfPfKf",2,392,3,300,100,300,75.84722235,582.0000001,858,1515.84722245,3.41667420522348,7.14571700636779,5.6702383452,16.2326295567913,0.154566951942061,0.478788451822266,0.86256437124,1.49591977500433,0.845704755592236,4.28455502953618,7.82024776962,12.9505075547484
"274",2017,"CRS","NfPfKf",3,489,1,300,100,300,143.75,1378.28125,2538.046875,4060.078125,7.052261664625,10.0924999989984,15.7423722637289,32.8871339273523,0.3732266421875,0.935041119745313,2.42501878987266,3.73328655180547,1.5076047000625,5.67199050707656,19.0392179215875,26.2188131287266
"275",2017,"CRS","NfPfKf",3,489,2,300,100,300,95.25,789.2187501,2392.34375,3276.8125001,4.420778453955,5.22041653872397,12.4501148413953,22.0913098340743,0.237402031545,0.548257519811656,2.06162844665,2.84728799800666,1.1236439741325,5.34124926775959,17.8451270788984,24.3100203207905
"276",2017,"CRS","NfPfKf",3,489,3,300,100,300,203.7916666,1261.833333,1870.5,3336.1249996,10.0907634017648,10.0956674240164,10.5784799445,30.7649107702812,0.521275064276975,1.0144043590337,1.72799161794,3.26367104125067,2.40940913495097,8.87037277171008,17.405609009625,28.6853909162861
"277",2017,"CRS","NfPfKfMn",3,489,1,300,100,300,185,899.5833332,2578.8125,3663.3958332,9.7115462806,8.94879273414864,15.8854592892394,34.545798303988,0.5153061854,1.02605722033542,2.557353272815,4.09871667855042,2.3632966377,7.58260461180946,21.0734252303438,31.0193264798532
"278",2017,"CRS","NfPfKfMn",3,489,2,300,100,300,180.8333333,1459.416667,2072.25,3712.5000003,9.49281775901684,14.5178515249809,12.7650393396675,36.7757086236652,0.503700190140485,1.6645984350627,2.05500606174,4.22330468694318,2.31006923552418,12.3014501729163,16.933920334875,31.5454397433155
"279",2017,"CRS","NfPfKfMn",3,489,3,300,100,300,192.5,801,1796.8125,2790.3125,10.1052576163,7.96811447646,11.0683470857794,29.1417191785394,0.5361969767,0.91361389563,1.781860576335,3.231671448665,2.45910596085,6.75164386656,14.6831124293437,23.8938622567537
"280",2017,"CRS","NOTF",2,392,1,150,40,180,136.0833334,495.8333333,1059.375,1691.2916667,6.08123717908667,6.96178465744865,6.31132797646875,19.3543498130041,0.295397258045547,0.514758513173728,1.01111715290625,1.82127292412552,1.71878555292953,3.51698701701356,9.76924626628125,15.0050188362243
"281",2017,"CRS","NOTF",2,392,2,150,40,180,72.62500001,599.3749999,765.1875,1437.18749991,3.24543674201313,8.41556909978344,4.55867778264938,16.2196836244459,0.157647709917957,0.622252202627433,0.730330814338125,1.51023072688352,0.917282062982554,4.25141665837819,7.05633522348563,12.2250339448464
"282",2017,"CRS","NOTF",2,392,3,150,40,180,72.62500001,375.5,490.84375,938.96875001,3.24543674201313,5.27223557455,2.92424862909719,11.4419209456603,0.157647709917957,0.389832245465,0.468484280846562,1.01596423622952,0.917282062982554,2.66345268903,4.52641743671031,8.10715218872287
"283",2017,"CRS","NOTF",3,489,1,150,40,180,98.66666668,437.7916667,996.15625,1532.61458338,5.33855068688143,2.73198158473426,5.31994899364531,13.390481265261,0.210810832001821,0.188029410691817,0.658155981556563,1.0569962242502,0.966575873997285,2.69875864336007,6.32011362697187,9.98544814432923
"284",2017,"CRS","NOTF",3,489,2,150,40,180,138.75,1016.375,1393,2548.125,7.216077563025,6.68471048002625,7.02182843796,20.9226164810113,0.3382313037375,0.51199719874,0.96958543339,1.8198139358675,1.62177810405,6.781663761745,12.96359149813,21.367033363925
"285",2017,"CRS","NOTF",3,489,3,150,40,180,116.6666667,698.75,1320.125,2135.5416667,5.05350191994386,4.1227447028625,6.73826607735875,15.9145127001651,0.288392093582398,0.390987365275,1.2696694264625,1.9490488853199,1.24904873835687,4.2699236731125,11.8702890575663,17.3892614690356
"286",2017,"CRS","NOTH",3,489,1,75,20,90,108.75,568.6666666,1430.3125,2107.7291666,5.5355901346875,4.89225168988647,7.59385700455,18.021698829124,0.27588558255,0.435582249208935,1.17767379995625,1.88914163171519,1.127802512925,3.00260461723466,9.86421370503438,13.994620835194
"287",2017,"CRS","NOTH",3,489,2,75,20,90,100,611.3333333,1386,2097.3333333,5.090197825,5.25931395065323,7.35859178208,17.7081035577332,0.253687892,0.468263684114468,1.14118829748,1.86313987359447,1.037059782,3.22788796503733,9.55861057998,13.8235583270173
"288",2017,"CRS","NOTH",3,489,3,75,20,90,106.5,602.1666667,1144,1852.6666667,5.421060683625,5.18045291870177,6.07375829632,16.6752718986468,0.27017760498,0.461242282140532,0.94193319792,1.67335308504053,1.10446866783,3.17948724617267,7.88964682792,12.1736027419227
"289",2017,"Edo","Control",1,275,1,0,0,0,103.3541667,152.2916667,289.0625,544.7083334,4.77631600186856,1.20904377798338,1.24008860351563,7.22544838336757,0.337845685561877,0.387708396866111,0.31107433765625,1.03662842008424,0.682499879565742,0.674673177399755,1.68535102328125,3.04252408024675
"290",2017,"Edo","Control",1,275,2,0,0,0,105.1851853,137.2106482,378.3203125,620.716146,4.86093303975039,1.0893155487363,1.62300785473633,7.57325644322303,0.343830947249383,0.349314716946242,0.407129048675781,1.10027471287141,0.694591022224847,0.607862176572882,2.20576008925391,3.50821328805164
"291",2017,"Edo","Control",1,275,3,0,0,0,136.875,177.6041666,444.7265625,759.2057291,6.32541748078125,1.40999975392386,1.90789307446289,9.643310309168,0.4474190996625,0.452149669127153,0.478592072191406,1.37816084098106,0.90385490975625,0.786811057991116,2.59293532433203,4.2836012920794
"292",2017,"Edo","Control",2,378,1,0,0,0,44.59259244,410.2083335,783.75,1238.55092594,1.80728180744376,3.7022007328542,3.7237073935875,9.23318993388546,0.122337091547297,0.515003813434245,0.5947062631125,1.23204716809404,0.212599880057684,0.850342624268409,2.407017464775,3.46995996910109
"293",2017,"Edo","Control",2,378,2,0,0,0,37.60416666,379.3229167,517.6757813,934.60286466,1.5240496811246,3.42345453641334,2.45955104855885,7.40705526609679,0.103164766332752,0.476228132560599,0.392810244849463,0.972203143742814,0.179281824270299,0.786318604694619,1.58986238810864,2.55546281707355
"294",2017,"Edo","Control",2,378,3,0,0,0,50.859375,554.0208333,996.875,1601.7552083,2.06126663972578,5.00013326779416,4.73629449184375,11.7976943993637,0.139529632052344,0.695555937240651,0.75642463290625,1.59151020219924,0.242477425804687,1.14845918723319,3.0615573016875,4.45249391472538
"295",2017,"Edo","Control",3,506,1,0,0,0,73.04687499,392.03125,884.765625,1349.84374999,3.24964017578951,1.95321458009844,3.84490914832031,9.04776390420825,0.220849460918985,0.262522962101563,0.641357214199219,1.12472963721977,0.332479969934953,0.698169448884375,2.89015313876953,3.92080255758886
"296",2017,"Edo","Control",3,506,2,0,0,0,208.65625,659.3593751,866.71875,1734.7343751,9.32250056114094,4.4607570439034,5.06821771542188,18.8514753204662,0.683429954112812,0.403147994908486,0.684371967651562,1.77094991667286,0.854481999466562,0.970215552524958,2.09022635568281,3.91492390767433
"297",2017,"Edo","Control",3,506,3,0,0,0,61.97916666,875.7291667,1017.34375,1955.05208336,2.88365152393983,4.56321123744661,4.72176801338594,12.1686307747724,0.211718674576185,0.592435098617342,0.984275784934375,1.7884295581279,0.62085703455301,3.74147101032054,5.55066802080156,9.91299606567511
"298",2017,"Edo","N0PfKf",3,506,1,0,100,300,75,670.8333333,1210.78125,1956.6145833,3.55017610575,5.28806894848724,5.96212071318281,14.8003657674201,0.28904764575,1.15463672327596,1.32067610295469,2.76436047198065,0.707005953,3.33070413650117,6.92602417483594,10.9637342643371
"299",2017,"Edo","N0PfKf",3,506,2,0,100,300,105.625,860.9739584,1897.03125,2863.6302084,4.99983134893125,6.78691625604583,9.34134824864531,21.1280958536224,0.40707543443125,1.48190631086058,2.06921261659219,3.95819436188402,0.995700050475,4.27475705561017,10.8515756235234,16.1220327296086
"300",2017,"Edo","N0PfKf",3,506,3,0,100,300,89.51190466,1015.595238,1229.0625,2334.16964266,4.23710700138805,8.0057703988564,6.05214111884063,18.2950185190851,0.344976070780953,1.74804008621703,1.34061662483437,3.43363278183236,0.843805992786513,5.0424555434319,7.03059829129687,12.9168598275153
"301",2017,"Edo","NfP0Kf",3,506,1,300,0,300,116.9010416,1381.510417,1186.699219,2685.1106776,5.37309351463087,12.7899538815365,6.34995763615199,24.5130050323194,0.347603338203591,1.07925034691405,0.999563682487139,2.42641736760478,1.501858297818,11.6309305779756,8.97160684591621,22.1043957217098
"302",2017,"Edo","NfP0Kf",3,506,2,300,0,300,NA,NA,NA,NA,NA,NA,NA,NA,NA,NA,NA,NA,NA,NA,NA,NA
"303",2017,"Edo","NfP0Kf",3,506,3,300,0,300,NA,NA,NA,NA,NA,NA,NA,NA,NA,NA,NA,NA,NA,NA,NA,NA
"304",2017,"Edo","NfPfK0",3,506,1,300,100,0,85.54687499,741.4843749,1028.671875,1855.70312489,4.17042852780937,6.49754128329715,7.56995316505312,18.2379229761596,0.357847798153482,1.39595629247502,1.27995239457422,3.03375648520272,0.52354972878255,2.26253958083939,3.55223650536563,6.33832581498757
"305",2017,"Edo","NfPfK0",3,506,2,300,100,0,76.11979166,760.4166667,803.3984375,1639.93489586,3.71085619091146,6.66344275300043,5.91217539096406,16.2864743348759,0.318413733343467,1.43159919037525,0.999649916427734,2.74966284014646,0.46585566431545,2.32030891624755,2.77431640487031,5.56048098543331
"306",2017,"Edo","NfPfK0",3,506,3,300,100,0,53.43749999,981.0416667,1357.34375,2391.82291669,2.60508960075,8.59675395166293,9.98863570210625,21.1904792545192,0.223532323214419,1.846959065044,1.68891113414844,3.75940252240686,0.3270392826138,2.9935163524663,4.68721478273125,8.00777041781135
"307",2017,"Edo","NfPfK1",3,506,1,300,100,240,NA,1999.166667,2290.6415,NA,NA,14.0004863347094,11.9434729963039,NA,NA,2.39792332919982,2.82126532785766,NA,NA,6.0037046746427,12.7327712263883,NA
"308",2017,"Edo","NfPfK1",3,506,2,300,100,240,125.9375,1625.859375,2695.3125,4447.109375,6.2210553205125,11.3861552103633,14.0534396414062,31.660650172282,0.487091575628125,1.950155627175,3.31967778632813,5.75692498913125,1.32598891144688,4.88262419093203,14.9821774582031,21.190790560582
"309",2017,"Edo","NfPfK1",3,506,3,300,100,240,233.1770834,2372.473958,2563.831648,5169.4826894,11.5184717443744,16.6148174520523,13.3678945635785,41.5011837600053,0.901864757944827,2.84569103002518,3.15773958297994,6.90529537094995,2.45510850216912,7.12478515535027,14.2513273408161,23.8312209983355
"310",2017,"Edo","NfPfK2",1,275,1,300,100,180,219.5454546,318.2659932,639.2045453,1177.0159931,11.6559104904459,2.8138645179561,3.6121488933028,18.0819239017048,0.74130753297963,0.727114641435931,0.819386629063254,2.28780880347882,2.35039046493849,2.04444161319056,4.22664777383604,8.6214798519651
"311",2017,"Edo","NfPfK2",1,275,2,300,100,180,275.625,316.9270834,617.96875,1210.5208334,14.6332354490437,2.80202690143577,3.49214528091406,20.9274076313936,0.93066326128125,0.724055750634078,0.792164784578125,2.44688379649345,2.9507619416625,2.0358408736522,4.08622914322656,9.07283195854127
"312",2017,"Edo","NfPfK2",1,275,3,300,100,180,438.0952382,560.8928573,516.6666668,1515.6547623,23.2589597086095,4.95898570143398,2.9196865735868,31.1376319836303,1.4792531270204,1.28142314143937,0.662307177837585,3.42298344629735,4.69012156264536,3.60300101960586,3.41638374304831,11.7095063252995
"313",2017,"Edo","NfPfK2",2,378,1,300,100,180,NA,NA,NA,NA,NA,NA,NA,NA,NA,NA,NA,NA,NA,NA,NA,NA
"314",2017,"Edo","NfPfK2",2,378,2,300,100,180,54.50520833,1543.28125,1274.511719,2872.29817733,2.05407684187907,17.7659918860375,7.36577884819483,27.1858475761114,0.116199042635342,2.75825273304219,1.56799544430171,4.44244721997924,0.339651907531572,8.13043116937188,7.76412538302394,16.2342084599274
"315",2017,"Edo","NfPfK2",2,378,3,300,100,180,NA,NA,NA,NA,NA,NA,NA,NA,NA,NA,NA,NA,NA,NA,NA,NA
"316",2017,"Edo","NfPfK2",3,506,1,300,100,180,NA,NA,NA,NA,NA,NA,NA,NA,NA,NA,NA,NA,NA,NA,NA,NA
"317",2017,"Edo","NfPfK2",3,506,2,300,100,180,75,1616.328125,1604.941406,3296.269531,3.97754262375,14.3716654108672,9.2901524198896,27.6393604545068,0.27131771625,2.07842807650078,1.78984052636085,4.13958631911163,0.89547560775,9.51599082747188,8.04277722578429,18.4542436610062
"318",2017,"Edo","NfPfK2",3,506,3,300,100,180,NA,NA,NA,NA,NA,NA,NA,NA,NA,NA,NA,NA,NA,NA,NA,NA
"319",2017,"Edo","NfPfK3",3,506,1,300,100,120,97.5,1101.666667,1315.3125,2514.479167,4.7965597953,9.6015633102885,7.54440282013125,21.9425259257197,0.3910771839,1.56106210780567,1.5935871678,3.54572645950567,0.97384531725,4.86754795968945,6.55175495652188,12.3931482334613
"320",2017,"Edo","NfPfK3",3,506,2,300,100,120,83.20312501,1395.052083,1549.375,3027.63020801,4.09321809503883,12.1585605676443,8.8869444481375,25.1387231108206,0.333731731493235,1.97678935963183,1.8771692036,4.18769029472507,0.831045883810819,6.16382715722774,7.71765290435625,14.7125259453948
"321",2017,"Edo","NfPfK3",3,506,3,300,100,120,NA,1248.359375,1432.34375,NA,NA,10.8800619389664,8.21567363413438,NA,NA,1.76892573371875,1.7353781857,NA,NA,5.51568755845859,7.13470393043906,NA
"322",2017,"Edo","NfPfK4",3,506,1,300,100,60,NA,NA,NA,NA,NA,NA,NA,NA,NA,NA,NA,NA,NA,NA,NA,NA
"323",2017,"Edo","NfPfK4",3,506,2,300,100,60,NA,NA,NA,NA,NA,NA,NA,NA,NA,NA,NA,NA,NA,NA,NA,NA
"324",2017,"Edo","NfPfK4",3,506,3,300,100,60,64.16666668,1085.989583,1300.429688,2450.58593768,3.24965083908359,9.27861991183223,6.95852077955633,19.4867915304721,0.250549931093729,1.61704837159221,1.45180152428476,3.3193998269707,0.49828580350354,3.25201874239349,4.67369895268878,8.42400349858581
"325",2017,"Edo","NfPfKf",1,275,1,300,100,300,264.1203705,412.9398148,908.984375,1586.0445603,13.9052759962275,3.08952064797643,5.61366403528125,22.6084606794851,0.921652113519474,0.793903932357629,1.18586389710547,2.90141994298257,2.58519493878501,2.64526771851389,6.47543220771484,11.7058948650137
"326",2017,"Edo","NfPfKf",1,275,2,300,100,300,412.5260416,545.4427085,884.9609375,1842.9296876,21.7184628857667,4.08087680044878,5.46530119120312,31.2646408774186,1.43951599569054,1.04864945358605,1.15452284438867,3.64268829366527,4.03778108005242,3.49407331863276,6.30429379741211,13.8361481960973
"327",2017,"Edo","NfPfKf",1,275,3,300,100,300,372.5000001,527.4305556,1296.875,2196.8055557,19.6111920492148,3.94611401830822,8.00918117625,31.566487243773,1.29984450547395,1.01401990587711,1.69190723609375,4.00577164744482,3.64600849655379,3.37868854608332,9.23869141796875,16.2633884606059
"328",2017,"Edo","NfPfKf",2,378,1,300,100,300,52.9453125,1170.46875,914.375,2137.7890625,2.00500418448,12.1402570674516,5.45652146510625,19.6017827170378,0.118816066191797,1.68219793329844,1.0944577364875,2.89547173597773,0.368954532085781,7.06869433658438,5.4160746264625,12.8537234951327
"329",2017,"Edo","NfPfKf",2,378,2,300,100,300,34.003125,1186.71875,1274.492188,2495.214063,1.287675994176,12.3088042220391,7.60551631544195,21.201996531657,0.0763073700004687,1.70555243671094,1.52549865782582,3.30735846453722,0.236954066024812,7.16683132910937,7.54913990545616,14.9529253005903
"330",2017,"Edo","NfPfKf",2,378,3,300,100,300,75.62499999,1253.75,1226.875,2556.24999999,2.86386904282131,13.0040612347125,7.32136133698125,23.1892916145151,0.169712191321309,1.8018897632875,1.4685034427375,3.44010539734631,0.527000128392814,7.571646423275,7.2670912452125,15.3657377968803
"331",2017,"Edo","NfPfKf",3,506,1,300,100,300,185.9375,1764.0625,2229.5625,4179.5625,9.3580697161875,9.68466263976562,14.9534612035875,33.9961935595406,0.7886392915625,1.659815297125,2.34299793562313,4.79145252431063,2.33934507985937,10.661101981125,11.3073826225594,24.3078296835438
"332",2017,"Edo","NfPfKf",3,506,2,300,100,300,120,2052.864584,2130.515625,4303.380209,5.1115040976,12.4715606625658,13.9479825903895,31.5310473505553,0.4298344104,2.01417358826869,2.64978715701328,5.09379515568197,1.6412702796,14.652272048537,13.8366590370881,30.1302013652251
"333",2017,"Edo","NfPfKf",3,506,3,300,100,300,166.8750001,1739.910714,2338.875,4245.6607141,6.50024384975153,10.5872527524239,12.09648505527,29.1839816574455,0.597738477320695,1.31062024685264,2.441147361345,4.34950608551833,2.28239148393648,6.45034764041042,11.8278380837925,20.5605772081394
"334",2017,"Edo","NfPfKfMn",3,506,1,300,100,300,130.859375,1969.739583,2759.453125,4860.052083,6.24633798285156,17.2402411537877,14.8322734386836,38.3188525753229,0.516455080605469,2.51300918305234,3.18684393047109,6.2163081941289,1.69242301238281,11.2278974768156,16.9804194491852,29.9007399383835
"335",2017,"Edo","NfPfKfMn",3,506,2,300,100,300,NA,NA,NA,NA,NA,NA,NA,NA,NA,NA,NA,NA,NA,NA,NA,NA
"336",2017,"Edo","NfPfKfMn",3,506,3,300,100,300,NA,NA,NA,NA,NA,NA,NA,NA,NA,NA,NA,NA,NA,NA,NA,NA
"337",2017,"Edo","NOTF",1,275,1,150,40,180,186.6666666,258.9120371,701.8465909,1147.4252946,9.28010924068568,1.88531647424436,3.27137655529285,14.4368022702229,0.59111840272222,0.493020288100218,0.76508926430401,1.84922795512645,2.01001071154881,1.57838790271486,5.01195633935269,8.60035495361636
"338",2017,"Edo","NOTF",1,275,2,150,40,180,264.375,245.78125,512.6953125,1022.8515625,13.1433690074062,1.78970218949844,2.38972369042969,17.3227948873344,0.83719782736875,0.468016643960938,0.558893759033203,1.86410823036289,2.84676740386875,1.49833957532188,3.66120823974609,8.00631521893672
"339",2017,"Edo","NOTF",1,275,3,150,40,180,267.6388887,339.5833333,576.5625,1183.784722,13.3056328129219,2.47273962161144,2.6874149844375,18.4657874189709,0.847533602417122,0.646634566290693,0.628515953015625,2.12268412172344,2.88191267842578,2.07017885783846,4.11729018046875,9.06938171673299
"340",2017,"Edo","NOTF",2,378,1,150,40,180,NA,NA,NA,NA,NA,NA,NA,NA,NA,NA,NA,NA,NA,NA,NA,NA
"341",2017,"Edo","NOTF",2,378,2,150,40,180,65.390625,1057.682292,1175.078125,2298.151042,2.45125150241484,10.2327803307861,5.40106770766875,18.0850995408697,0.139661188980469,1.24550972298888,1.06363808691563,2.44880899888498,0.417418444947656,5.47281436957114,6.57836401589453,12.4685968304133
"342",2017,"Edo","NOTF",2,378,3,150,40,180,NA,NA,NA,NA,NA,NA,NA,NA,NA,NA,NA,NA,NA,NA,NA,NA
"343",2017,"Edo","NOTF",3,506,1,150,40,180,NA,NA,NA,NA,NA,NA,NA,NA,NA,NA,NA,NA,NA,NA,NA,NA
"344",2017,"Edo","NOTF",3,506,2,150,40,180,72.23958332,1255.9375,1287.65625,2615.83333332,3.26411491455743,7.6220571618625,6.93019819328906,17.816370269709,0.194481078654729,0.73181355590625,1.14918304891406,2.07547768347504,0.539402805263463,5.54837502547813,7.21743791349844,13.30521574424
"345",2017,"Edo","NOTF",3,506,3,150,40,180,NA,NA,NA,NA,NA,NA,NA,NA,NA,NA,NA,NA,NA,NA,NA,NA
"346",2017,"Edo","NOTH",3,506,1,75,20,90,120.7291667,1009.713542,1350.742188,2481.1848967,5.62033306349969,8.19236722561546,6.27554879977456,20.0882490888897,0.402613531181995,1.01883695006864,1.15923248827637,2.58068296952701,0.873695547566227,3.09463600791303,5.57752581331149,9.54585736879075
"347",2017,"Edo","NOTH",3,506,2,75,20,90,96.35416668,1212.5,1642.265625,2951.11979168,4.48559800088113,9.83768648025,7.62996681634687,21.953251297478,0.321326588690298,1.2234557135,1.40942341461797,2.95420571680827,0.697297999471491,3.716149188375,6.78129327500625,11.1947404628527
"348",2017,"Edo","NOTH",3,506,3,75,20,90,54.84375001,815.9374999,1110,1980.78124991,2.55315388926241,6.6201544837074,5.1570604884,14.3303688613698,0.182895620489598,0.823310017411596,0.9526229901,1.95882862800119,0.396894482959868,2.50073853857164,4.5834458328,7.48107885433151
